id_proposta,nome_do_deputado,nome_do_partido,uf,voto
112762018281020211349,Haroldo Cathedral,PSD,Roraima (RR),Sim
112762018281020211349,Jhonatan de Jesus,Republican,Roraima (RR),Sim
112762018281020211349,Joenia Wapichana,Rede,Roraima (RR),Sim
112762018281020211349,Ottaci Nascimento,Solidaried,Roraima (RR),Sim
112762018281020211349,Acácio Favacho,PROS,Amapá (AP),Sim
112762018281020211349,André Abdon,PP,Amapá (AP),Sim
112762018281020211349,Leda Sadala,Avante,Amapá (AP),Sim
112762018281020211349,Pedro Dalua,PSC,Amapá (AP),Sim
112762018281020211349,Professora Marcivania,PCdoB,Amapá (AP),Sim
112762018281020211349,Vinicius Gurgel,PL,Amapá (AP),Sim
112762018281020211349,Airton Faleiro,PT,Pará (PA),Sim
112762018281020211349,Beto Faro,PT,Pará (PA),Sim
112762018281020211349,Cássio Andrade,PSB,Pará (PA),Sim
112762018281020211349,Cristiano Vale,PL,Pará (PA),Sim
112762018281020211349,Delegado Éder Mauro,PSD,Pará (PA),Sim
112762018281020211349,Eduardo Costa,PTB,Pará (PA),Sim
112762018281020211349,Elcione Barbalho,MDB,Pará (PA),Sim
112762018281020211349,Hélio Leite,DEM,Pará (PA),Sim
112762018281020211349,Joaquim Passarinho,PSD,Pará (PA),Sim
112762018281020211349,Júnior Ferrari,PSD,Pará (PA),Sim
112762018281020211349,Nilson Pinto,PSDB,Pará (PA),Sim
112762018281020211349,Vivi Reis,PSOL,Pará (PA),Sim
112762018281020211349,Átila Lins,PP,Amazonas (AM),Sim
112762018281020211349,Sidney Leite,PSD,Amazonas (AM),Sim
112762018281020211349,Coronel Chrisóstomo,PSL,Rondonia (RO),Sim
112762018281020211349,Expedito Netto,PSD,Rondonia (RO),Sim
112762018281020211349,Jaqueline Cassol,PP,Rondonia (RO),Sim
112762018281020211349,Léo Moraes,Podemos,Rondonia (RO),Sim
112762018281020211349,Mariana Carvalho,PSDB,Rondonia (RO),Sim
112762018281020211349,Mauro Nazif,PSB,Rondonia (RO),Sim
112762018281020211349,Silvia Cristina,PDT,Rondonia (RO),Sim
112762018281020211349,Alan Rick,DEM,Acre (AC),Sim
112762018281020211349,Dra. Vanda Milani,Solidaried,Acre (AC),Sim
112762018281020211349,Flaviano Melo,MDB,Acre (AC),Sim
112762018281020211349,Jesus Sérgio,PDT,Acre (AC),Não
112762018281020211349,Leo de Brito,PT,Acre (AC),Sim
112762018281020211349,Mara Rocha,PSDB,Acre (AC),Sim
112762018281020211349,Perpétua Almeida,PCdoB,Acre (AC),Sim
112762018281020211349,Carlos Henrique Gaguim,DEM,Tocantins (TO),Sim
112762018281020211349,Célio Moura,PT,Tocantins (TO),Sim
112762018281020211349,Dulce Miranda,MDB,Tocantins (TO),Sim
112762018281020211349,Eli Borges,Solidaried,Tocantins (TO),Sim
112762018281020211349,Professora Dorinha Seabra Rezende,DEM,Tocantins (TO),Sim
112762018281020211349,Tiago Dimas,Solidaried,Tocantins (TO),Sim
112762018281020211349,Aluisio Mendes,PSC,Maranhão (MA),Sim
112762018281020211349,André Fufuca,PP,Maranhão (MA),Sim
112762018281020211349,Bira do Pindaré,PSB,Maranhão (MA),Não
112762018281020211349,Cleber Verde,Republican,Maranhão (MA),Sim
112762018281020211349,Edilázio Júnior,PSD,Maranhão (MA),Sim
112762018281020211349,Gastão Vieira,PROS,Maranhão (MA),Sim
112762018281020211349,Gil Cutrim,Republican,Maranhão (MA),Sim
112762018281020211349,Hildo Rocha,MDB,Maranhão (MA),Sim
112762018281020211349,Josimar Maranhãozinho,PL,Maranhão (MA),Sim
112762018281020211349,Josivaldo JP,Podemos,Maranhão (MA),Sim
112762018281020211349,Junior Lourenço,PL,Maranhão (MA),Sim
112762018281020211349,Pedro Lucas Fernandes,PTB,Maranhão (MA),Sim
112762018281020211349,Rubens Pereira Júnior,PCdoB,Maranhão (MA),Sim
112762018281020211349,Zé Carlos,PT,Maranhão (MA),Sim
112762018281020211349,AJ Albuquerque,PP,Ceará (CE),Sim
112762018281020211349,André Figueiredo,PDT,Ceará (CE),Sim
112762018281020211349,Aníbal Gomes,DEM,Ceará (CE),Sim
112762018281020211349,Célio Studart,PV,Ceará (CE),Sim
112762018281020211349,Denis Bezerra,PSB,Ceará (CE),Sim
112762018281020211349,Eduardo Bismarck,PDT,Ceará (CE),Sim
112762018281020211349,Genecias Noronha,Solidaried,Ceará (CE),Sim
112762018281020211349,Heitor Freire,PSL,Ceará (CE),Sim
112762018281020211349,Idilvan Alencar,PDT,Ceará (CE),Sim
112762018281020211349,José Guimarães,PT,Ceará (CE),Sim
112762018281020211349,Leônidas Cristino,PDT,Ceará (CE),Sim
112762018281020211349,Luizianne Lins,PT,Ceará (CE),Sim
112762018281020211349,Vaidon Oliveira,PROS,Ceará (CE),Sim
112762018281020211349,Átila Lira,PP,Piauí (PI),Sim
112762018281020211349,Capitão Fábio Abreu,PL,Piauí (PI),Sim
112762018281020211349,Flávio Nogueira,PDT,Piauí (PI),Sim
112762018281020211349,Júlio Cesar,PSD,Piauí (PI),Sim
112762018281020211349,Marcos Aurélio Sampaio,MDB,Piauí (PI),Sim
112762018281020211349,Margarete Coelho,PP,Piauí (PI),Sim
112762018281020211349,Marina Santos,PL,Piauí (PI),Sim
112762018281020211349,Merlong Solano,PT,Piauí (PI),Sim
112762018281020211349,Rejane Dias,PT,Piauí (PI),Sim
112762018281020211349,Benes Leocádio,Republican,Rio Grande do Norte (RN),Sim
112762018281020211349,Carla Dickson,PROS,Rio Grande do Norte (RN),Sim
112762018281020211349,General Girão,PSL,Rio Grande do Norte (RN),Sim
112762018281020211349,Walter Alves,MDB,Rio Grande do Norte (RN),Sim
112762018281020211349,Edna Henrique,PSDB,Paraíba (PB),Sim
112762018281020211349,Frei Anastacio Ribeiro,PT,Paraíba (PB),Sim
112762018281020211349,Gervásio Maia,PSB,Paraíba (PB),Não
112762018281020211349,Hugo Motta,Republican,Paraíba (PB),Sim
112762018281020211349,Pedro Cunha Lima,PSDB,Paraíba (PB),Sim
112762018281020211349,Carlos Veras,PT,Pernambuco (PE),Sim
112762018281020211349,Daniel Coelho,Cidadania,Pernambuco (PE),Não
112762018281020211349,Felipe Carreras,PSB,Pernambuco (PE),Não
112762018281020211349,Fernando Coelho Filho,DEM,Pernambuco (PE),Sim
112762018281020211349,Fernando Monteiro,PP,Pernambuco (PE),Sim
112762018281020211349,Gonzaga Patriota,PSB,Pernambuco (PE),Sim
112762018281020211349,Ossesio Silva,Republican,Pernambuco (PE),Sim
112762018281020211349,Raul Henry,MDB,Pernambuco (PE),Sim
112762018281020211349,Renildo Calheiros,PCdoB,Pernambuco (PE),Sim
112762018281020211349,Sebastião Oliveira,Avante,Pernambuco (PE),Sim
112762018281020211349,Túlio Gadêlha,PDT,Pernambuco (PE),Sim
112762018281020211349,Isnaldo Bulhões Jr.,MDB,Alagoas (AL),Sim
112762018281020211349,Marx Beltrão,PSD,Alagoas (AL),Sim
112762018281020211349,Paulão,PT,Alagoas (AL),Sim
112762018281020211349,Pedro Vilela,PSDB,Alagoas (AL),Sim
112762018281020211349,Sergio Toledo,PL,Alagoas (AL),Sim
112762018281020211349,Severino Pessoa,Republican,Alagoas (AL),Sim
112762018281020211349,Tereza Nelma,PSDB,Alagoas (AL),Sim
112762018281020211349,Bosco Costa,PL,Sergipe (SE),Sim
112762018281020211349,Fábio Mitidieri,PSD,Sergipe (SE),Sim
112762018281020211349,Fabio Reis,MDB,Sergipe (SE),Sim
112762018281020211349,Gustinho Ribeiro,Solidaried,Sergipe (SE),Sim
112762018281020211349,João Daniel,PT,Sergipe (SE),Sim
112762018281020211349,Laercio Oliveira,PP,Sergipe (SE),Sim
112762018281020211349,Valdevan Noventa,PL,Sergipe (SE),Sim
112762018281020211349,Adolfo Viana,PSDB,Bahia (BA),Sim
112762018281020211349,Afonso Florence,PT,Bahia (BA),Sim
112762018281020211349,Alex Santana,PDT,Bahia (BA),Sim
112762018281020211349,Alice Portugal,PCdoB,Bahia (BA),Sim
112762018281020211349,Antonio Brito,PSD,Bahia (BA),Sim
112762018281020211349,Bacelar,Podemos,Bahia (BA),Sim
112762018281020211349,Cacá Leão,PP,Bahia (BA),Sim
112762018281020211349,Charles Fernandes,PSD,Bahia (BA),Sim
112762018281020211349,Elmar Nascimento,DEM,Bahia (BA),Sim
112762018281020211349,Félix Mendonça Júnior,PDT,Bahia (BA),Sim
112762018281020211349,José Rocha,PL,Bahia (BA),Sim
112762018281020211349,Joseildo Ramos,PT,Bahia (BA),Não
112762018281020211349,Leur Lomanto Júnior,DEM,Bahia (BA),Sim
112762018281020211349,Marcelo Nilo,PSB,Bahia (BA),Sim
112762018281020211349,Márcio Marinho,Republican,Bahia (BA),Sim
112762018281020211349,Mário Negromonte Jr.,PP,Bahia (BA),Sim
112762018281020211349,Otto Alencar Filho,PSD,Bahia (BA),Sim
112762018281020211349,Pastor Sargento Isidório,Avante,Bahia (BA),Sim
112762018281020211349,Paulo Azi,DEM,Bahia (BA),Sim
112762018281020211349,Paulo Magalhães,PSD,Bahia (BA),Sim
112762018281020211349,Professora Dayane Pimentel,PSL,Bahia (BA),Sim
112762018281020211349,Raimundo Costa,PL,Bahia (BA),Sim
112762018281020211349,Ronaldo Carletto,PP,Bahia (BA),Sim
112762018281020211349,Tia Eron,Republican,Bahia (BA),Sim
112762018281020211349,Tito,Avante,Bahia (BA),Sim
112762018281020211349,Uldurico Junior,PROS,Bahia (BA),Sim
112762018281020211349,Waldenor Pereira,PT,Bahia (BA),Sim
112762018281020211349,Zé Neto,PT,Bahia (BA),Sim
112762018281020211349,Aécio Neves,PSDB,Minas Gerais (MG),Sim
112762018281020211349,Alê Silva,PSL,Minas Gerais (MG),Sim
112762018281020211349,André Janones,Avante,Minas Gerais (MG),Sim
112762018281020211349,Charlles Evangelista,PSL,Minas Gerais (MG),Sim
112762018281020211349,Delegado Marcelo Freitas,PSL,Minas Gerais (MG),Sim
112762018281020211349,Dimas Fabiano,PP,Minas Gerais (MG),Sim
112762018281020211349,Dr. Frederico,Patriota,Minas Gerais (MG),Sim
112762018281020211349,Emidinho Madeira,PSB,Minas Gerais (MG),Sim
112762018281020211349,Eros Biondini,PROS,Minas Gerais (MG),Sim
112762018281020211349,Euclydes Pettersen,PSC,Minas Gerais (MG),Sim
112762018281020211349,Fábio Ramalho,MDB,Minas Gerais (MG),Sim
112762018281020211349,Franco Cartafina,PP,Minas Gerais (MG),Sim
112762018281020211349,Gilberto Abramo,Republican,Minas Gerais (MG),Sim
112762018281020211349,Greyce Elias,Avante,Minas Gerais (MG),Sim
112762018281020211349,Igor Timo,Podemos,Minas Gerais (MG),Sim
112762018281020211349,Júlio Delgado,PSB,Minas Gerais (MG),Sim
112762018281020211349,Junio Amaral,PSL,Minas Gerais (MG),Sim
112762018281020211349,Lafayette de Andrada,Republican,Minas Gerais (MG),Sim
112762018281020211349,Leonardo Monteiro,PT,Minas Gerais (MG),Sim
112762018281020211349,Lincoln Portela,PL,Minas Gerais (MG),Sim
112762018281020211349,Lucas Gonzalez,Novo,Minas Gerais (MG),Sim
112762018281020211349,Luis Tibé,Avante,Minas Gerais (MG),Sim
112762018281020211349,Marcelo Álvaro Antônio,PSL,Minas Gerais (MG),Sim
112762018281020211349,Mauro Lopes,MDB,Minas Gerais (MG),Sim
112762018281020211349,Odair Cunha,PT,Minas Gerais (MG),Sim
112762018281020211349,Padre João,PT,Minas Gerais (MG),Sim
112762018281020211349,Patrus Ananias,PT,Minas Gerais (MG),Sim
112762018281020211349,Paulo Abi-Ackel,PSDB,Minas Gerais (MG),Sim
112762018281020211349,Paulo Guedes,PT,Minas Gerais (MG),Sim
112762018281020211349,Reginaldo Lopes,PT,Minas Gerais (MG),Sim
112762018281020211349,Rogério Correia,PT,Minas Gerais (MG),Sim
112762018281020211349,Subtenente Gonzaga,PDT,Minas Gerais (MG),Sim
112762018281020211349,Tiago Mitraud,Novo,Minas Gerais (MG),Sim
112762018281020211349,Vilson da Fetaemg,PSB,Minas Gerais (MG),Sim
112762018281020211349,Weliton Prado,PROS,Minas Gerais (MG),Não
112762018281020211349,Zé Silva,Solidaried,Minas Gerais (MG),Sim
112762018281020211349,Amaro Neto,Republican,Espírito Santo (ES),Sim
112762018281020211349,Da Vitória,Cidadania,Espírito Santo (ES),Sim
112762018281020211349,Dra. Soraya Manato,PSL,Espírito Santo (ES),Sim
112762018281020211349,Felipe Rigoni,PSB,Espírito Santo (ES),Sim
112762018281020211349,Helder Salomão,PT,Espírito Santo (ES),Sim
112762018281020211349,Lauriete,PSC,Espírito Santo (ES),Sim
112762018281020211349,Neucimar Fraga,PSD,Espírito Santo (ES),Sim
112762018281020211349,Norma Ayub,DEM,Espírito Santo (ES),Sim
112762018281020211349,Ted Conti,PSB,Espírito Santo (ES),Sim
112762018281020211349,Aureo Ribeiro,Solidaried,Rio de Janeiro (RJ),Sim
112762018281020211349,Carlos Jordy,PSL,Rio de Janeiro (RJ),Sim
112762018281020211349,Chico D`Angelo,PDT,Rio de Janeiro (RJ),Sim
112762018281020211349,Chiquinho Brazão,Avante,Rio de Janeiro (RJ),Sim
112762018281020211349,Clarissa Garotinho,PROS,Rio de Janeiro (RJ),Sim
112762018281020211349,Daniela do Waguinho,MDB,Rio de Janeiro (RJ),Sim
112762018281020211349,Delegado Antônio Furtado,PSL,Rio de Janeiro (RJ),Sim
112762018281020211349,Gelson Azevedo,PL,Rio de Janeiro (RJ),Sim
112762018281020211349,Glauber Braga,PSOL,Rio de Janeiro (RJ),Sim
112762018281020211349,Gurgel,PSL,Rio de Janeiro (RJ),Sim
112762018281020211349,Helio Lopes,PSL,Rio de Janeiro (RJ),Sim
112762018281020211349,Hugo Leal,PSD,Rio de Janeiro (RJ),Sim
112762018281020211349,Jandira Feghali,PCdoB,Rio de Janeiro (RJ),Sim
112762018281020211349,Jones Moura,PSD,Rio de Janeiro (RJ),Sim
112762018281020211349,Jorge Braz,Republican,Rio de Janeiro (RJ),Sim
112762018281020211349,Julio Lopes,PP,Rio de Janeiro (RJ),Sim
112762018281020211349,Lourival Gomes,PSL,Rio de Janeiro (RJ),Sim
112762018281020211349,Luiz Lima,PSL,Rio de Janeiro (RJ),Sim
112762018281020211349,Márcio Labre,PSL,Rio de Janeiro (RJ),Sim
112762018281020211349,Marcos Soares,DEM,Rio de Janeiro (RJ),Sim
112762018281020211349,Paulo Ganime,Novo,Rio de Janeiro (RJ),Sim
112762018281020211349,Paulo Ramos,PDT,Rio de Janeiro (RJ),Sim
112762018281020211349,Rosangela Gomes,Republican,Rio de Janeiro (RJ),Art. 17
112762018281020211349,Talíria Petrone,PSOL,Rio de Janeiro (RJ),Sim
112762018281020211349,Adriana Ventura,Novo,São Paulo (SP),Sim
112762018281020211349,Alencar Santana Braga,PT,São Paulo (SP),Sim
112762018281020211349,Alex Manente,Cidadania,São Paulo (SP),Sim
112762018281020211349,Alexandre Leite,DEM,São Paulo (SP),Sim
112762018281020211349,Alexandre Padilha,PT,São Paulo (SP),Sim
112762018281020211349,Alexis Fonteyne,Novo,São Paulo (SP),Sim
112762018281020211349,Arnaldo Jardim,Cidadania,São Paulo (SP),Sim
112762018281020211349,Capitão Augusto,PL,São Paulo (SP),Sim
112762018281020211349,Carla Zambelli,PSL,São Paulo (SP),Sim
112762018281020211349,Carlos Sampaio,PSDB,São Paulo (SP),Sim
112762018281020211349,Carlos Zarattini,PT,São Paulo (SP),Sim
112762018281020211349,David Soares,DEM,São Paulo (SP),Sim
112762018281020211349,Eduardo Bolsonaro,PSL,São Paulo (SP),Sim
112762018281020211349,Eduardo Cury,PSDB,São Paulo (SP),Sim
112762018281020211349,Eli Corrêa Filho,DEM,São Paulo (SP),Sim
112762018281020211349,General Peternelli,PSL,São Paulo (SP),Sim
112762018281020211349,Guiga Peixoto,PSL,São Paulo (SP),Sim
112762018281020211349,Guilherme Derrite,PP,São Paulo (SP),Sim
112762018281020211349,Herculano Passos,MDB,São Paulo (SP),Sim
112762018281020211349,Ivan Valente,PSOL,São Paulo (SP),Sim
112762018281020211349,Jefferson Campos,PSB,São Paulo (SP),Sim
112762018281020211349,Joice Hasselmann,PSL,São Paulo (SP),Sim
112762018281020211349,Kim Kataguiri,DEM,São Paulo (SP),Não
112762018281020211349,Luiz Carlos Motta,PL,São Paulo (SP),Sim
112762018281020211349,Luiz Philippe de Orleans e Bragança,PSL,São Paulo (SP),Sim
112762018281020211349,Marcio Alvino,PL,São Paulo (SP),Sim
112762018281020211349,Marco Bertaiolli,PSD,São Paulo (SP),Sim
112762018281020211349,Marcos Pereira,Republican,São Paulo (SP),Sim
112762018281020211349,Maria Rosas,Republican,São Paulo (SP),Sim
112762018281020211349,Milton Vieira,Republican,São Paulo (SP),Sim
112762018281020211349,Nilto Tatto,PT,São Paulo (SP),Sim
112762018281020211349,Paulo Teixeira,PT,São Paulo (SP),Sim
112762018281020211349,Policial Katia Sastre,PL,São Paulo (SP),Não
112762018281020211349,Renata Abreu,Podemos,São Paulo (SP),Sim
112762018281020211349,Ricardo Silva,PSB,São Paulo (SP),Sim
112762018281020211349,Roberto Alves,Republican,São Paulo (SP),Sim
112762018281020211349,Roberto de Lucena,Podemos,São Paulo (SP),Sim
112762018281020211349,Rodrigo Agostinho,PSB,São Paulo (SP),Não
112762018281020211349,Rosana Valle,PSB,São Paulo (SP),Sim
112762018281020211349,Rui Falcão,PT,São Paulo (SP),Sim
112762018281020211349,Sâmia Bomfim,PSOL,São Paulo (SP),Sim
112762018281020211349,Samuel Moreira,PSDB,São Paulo (SP),Sim
112762018281020211349,Tiririca,PL,São Paulo (SP),Sim
112762018281020211349,Vicentinho,PT,São Paulo (SP),Sim
112762018281020211349,Vinicius Poit,Novo,São Paulo (SP),Sim
112762018281020211349,Vitor Lippi,PSDB,São Paulo (SP),Sim
112762018281020211349,Carlos Bezerra,MDB,Mato Grosso (MT),Não
112762018281020211349,Dr. Leonardo,Solidaried,Mato Grosso (MT),Sim
112762018281020211349,Emanuel Pinheiro Neto,PTB,Mato Grosso (MT),Sim
112762018281020211349,José Medeiros,Podemos,Mato Grosso (MT),Sim
112762018281020211349,Juarez Costa,MDB,Mato Grosso (MT),Sim
112762018281020211349,Professora Rosa Neide,PT,Mato Grosso (MT),Sim
112762018281020211349,Bia Kicis,PSL,Distrito Federal (DF),Sim
112762018281020211349,Erika Kokay,PT,Distrito Federal (DF),Sim
112762018281020211349,Julio Cesar Ribeiro,Republican,Distrito Federal (DF),Sim
112762018281020211349,Luis Miranda,DEM,Distrito Federal (DF),Sim
112762018281020211349,Paula Belmonte,Cidadania,Distrito Federal (DF),Sim
112762018281020211349,Professor Israel Batista,PV,Distrito Federal (DF),Sim
112762018281020211349,Célio Silveira,PSDB,Goiás (GO),Sim
112762018281020211349,Delegado Waldir,PSL,Goiás (GO),Sim
112762018281020211349,Dr. Zacharias Calil,DEM,Goiás (GO),Sim
112762018281020211349,Elias Vaz,PSB,Goiás (GO),Sim
112762018281020211349,Flávia Morais,PDT,Goiás (GO),Sim
112762018281020211349,Francisco Jr.,PSD,Goiás (GO),Sim
112762018281020211349,Glaustin da Fokus,PSC,Goiás (GO),Sim
112762018281020211349,Professor Alcides,PP,Goiás (GO),Sim
112762018281020211349,Rubens Otoni,PT,Goiás (GO),Sim
112762018281020211349,Vitor Hugo,PSL,Goiás (GO),Sim
112762018281020211349,Beto Pereira,PSDB,Mato Grosso do Sul (MS),Sim
112762018281020211349,Bia Cavassa,PSDB,Mato Grosso do Sul (MS),Sim
112762018281020211349,Dagoberto Nogueira,PDT,Mato Grosso do Sul (MS),Sim
112762018281020211349,Dr. Luiz Ovando,PSL,Mato Grosso do Sul (MS),Sim
112762018281020211349,Fábio Trad,PSD,Mato Grosso do Sul (MS),Sim
112762018281020211349,Loester Trutis,PSL,Mato Grosso do Sul (MS),Sim
112762018281020211349,Vander Loubet,PT,Mato Grosso do Sul (MS),Sim
112762018281020211349,Aliel Machado,PSB,Paraná (PR),Sim
112762018281020211349,Aroldo Martins,Republican,Paraná (PR),Sim
112762018281020211349,Christiane de Souza Yared,PL,Paraná (PR),Sim
112762018281020211349,Diego Garcia,Podemos,Paraná (PR),Sim
112762018281020211349,Felipe Francischini,PSL,Paraná (PR),Sim
112762018281020211349,Filipe Barros,PSL,Paraná (PR),Sim
112762018281020211349,Gleisi Hoffmann,PT,Paraná (PR),Sim
112762018281020211349,Gustavo Fruet,PDT,Paraná (PR),Sim
112762018281020211349,Leandre,PV,Paraná (PR),Sim
112762018281020211349,Luciano Ducci,PSB,Paraná (PR),Sim
112762018281020211349,Luizão Goulart,Republican,Paraná (PR),Sim
112762018281020211349,Osmar Serraglio,PP,Paraná (PR),Sim
112762018281020211349,Paulo Eduardo Martins,PSC,Paraná (PR),Sim
112762018281020211349,Roman,Patriota,Paraná (PR),Sim
112762018281020211349,Rubens Bueno,Cidadania,Paraná (PR),Sim
112762018281020211349,Sargento Fahur,PSD,Paraná (PR),Sim
112762018281020211349,Toninho Wandscheer,PROS,Paraná (PR),Sim
112762018281020211349,Vermelho,PSD,Paraná (PR),Sim
112762018281020211349,Angela Amin,PP,Santa Catarina (SC),Sim
112762018281020211349,Carlos Chiodini,MDB,Santa Catarina (SC),Sim
112762018281020211349,Carmen Zanotto,Cidadania,Santa Catarina (SC),Sim
112762018281020211349,Caroline de Toni,PSL,Santa Catarina (SC),Sim
112762018281020211349,Coronel Armando,PSL,Santa Catarina (SC),Sim
112762018281020211349,Darci de Matos,PSD,Santa Catarina (SC),Sim
112762018281020211349,Fabio Schiochet,PSL,Santa Catarina (SC),Sim
112762018281020211349,Geovania de Sá,PSDB,Santa Catarina (SC),Sim
112762018281020211349,Gilson Marques,Novo,Santa Catarina (SC),Sim
112762018281020211349,Hélio Costa,Republican,Santa Catarina (SC),Sim
112762018281020211349,Pedro Uczai,PT,Santa Catarina (SC),Sim
112762018281020211349,Ricardo Guidi,PSD,Santa Catarina (SC),Sim
112762018281020211349,Rodrigo Coelho,PSB,Santa Catarina (SC),Sim
112762018281020211349,Bibo Nunes,PSL,Rio Grande do Sul (RS),Sim
112762018281020211349,Carlos Gomes,Republican,Rio Grande do Sul (RS),Sim
112762018281020211349,Covatti Filho,PP,Rio Grande do Sul (RS),Sim
112762018281020211349,Daniel Trzeciak,PSDB,Rio Grande do Sul (RS),Sim
112762018281020211349,Liziane Bayer,PSB,Rio Grande do Sul (RS),Sim
112762018281020211349,Lucas Redecker,PSDB,Rio Grande do Sul (RS),Sim
112762018281020211349,Marcelo Brum,PSL,Rio Grande do Sul (RS),Sim
112762018281020211349,Marcelo Moraes,PTB,Rio Grande do Sul (RS),Sim
112762018281020211349,Nereu Crispim,PSL,Rio Grande do Sul (RS),Sim
112762018281020211349,Paulo Pimenta,PT,Rio Grande do Sul (RS),Sim
112762018281020211349,Paulo Vicente Caleffi,PSD,Rio Grande do Sul (RS),Não
1342019281020211508,Haroldo Cathedral,PSD,Roraima (RR),Sim
1342019281020211508,Jhonatan de Jesus,Republican,Roraima (RR),Sim
1342019281020211508,Joenia Wapichana,Rede,Roraima (RR),Sim
1342019281020211508,Ottaci Nascimento,Solidaried,Roraima (RR),Sim
1342019281020211508,Acácio Favacho,PROS,Amapá (AP),Sim
1342019281020211508,André Abdon,PP,Amapá (AP),Sim
1342019281020211508,Camilo Capiberibe,PSB,Amapá (AP),Sim
1342019281020211508,Leda Sadala,Avante,Amapá (AP),Sim
1342019281020211508,Pedro Dalua,PSC,Amapá (AP),Sim
1342019281020211508,Vinicius Gurgel,PL,Amapá (AP),Sim
1342019281020211508,Airton Faleiro,PT,Pará (PA),Sim
1342019281020211508,Beto Faro,PT,Pará (PA),Sim
1342019281020211508,Cássio Andrade,PSB,Pará (PA),Sim
1342019281020211508,Cristiano Vale,PL,Pará (PA),Sim
1342019281020211508,Delegado Éder Mauro,PSD,Pará (PA),Sim
1342019281020211508,Eduardo Costa,PTB,Pará (PA),Sim
1342019281020211508,Elcione Barbalho,MDB,Pará (PA),Sim
1342019281020211508,Joaquim Passarinho,PSD,Pará (PA),Sim
1342019281020211508,Júnior Ferrari,PSD,Pará (PA),Sim
1342019281020211508,Nilson Pinto,PSDB,Pará (PA),Sim
1342019281020211508,Vivi Reis,PSOL,Pará (PA),Não
1342019281020211508,Capitão Alberto Neto,Republican,Amazonas (AM),Sim
1342019281020211508,Delegado Pablo,PSL,Amazonas (AM),Sim
1342019281020211508,José Ricardo,PT,Amazonas (AM),Sim
1342019281020211508,Sidney Leite,PSD,Amazonas (AM),Sim
1342019281020211508,Coronel Chrisóstomo,PSL,Rondonia (RO),Sim
1342019281020211508,Expedito Netto,PSD,Rondonia (RO),Sim
1342019281020211508,Jaqueline Cassol,PP,Rondonia (RO),Sim
1342019281020211508,Léo Moraes,Podemos,Rondonia (RO),Sim
1342019281020211508,Lucio Mosquini,MDB,Rondonia (RO),Sim
1342019281020211508,Mariana Carvalho,PSDB,Rondonia (RO),Sim
1342019281020211508,Mauro Nazif,PSB,Rondonia (RO),Sim
1342019281020211508,Silvia Cristina,PDT,Rondonia (RO),Sim
1342019281020211508,Alan Rick,DEM,Acre (AC),Sim
1342019281020211508,Dra. Vanda Milani,Solidaried,Acre (AC),Sim
1342019281020211508,Flaviano Melo,MDB,Acre (AC),Sim
1342019281020211508,Jesus Sérgio,PDT,Acre (AC),Sim
1342019281020211508,Leo de Brito,PT,Acre (AC),Sim
1342019281020211508,Mara Rocha,PSDB,Acre (AC),Sim
1342019281020211508,Perpétua Almeida,PCdoB,Acre (AC),Sim
1342019281020211508,Carlos Henrique Gaguim,DEM,Tocantins (TO),Sim
1342019281020211508,Célio Moura,PT,Tocantins (TO),Sim
1342019281020211508,Dulce Miranda,MDB,Tocantins (TO),Sim
1342019281020211508,Eli Borges,Solidaried,Tocantins (TO),Sim
1342019281020211508,Professora Dorinha Seabra Rezende,DEM,Tocantins (TO),Sim
1342019281020211508,Tiago Dimas,Solidaried,Tocantins (TO),Sim
1342019281020211508,Aluisio Mendes,PSC,Maranhão (MA),Sim
1342019281020211508,Bira do Pindaré,PSB,Maranhão (MA),Sim
1342019281020211508,Cleber Verde,Republican,Maranhão (MA),Sim
1342019281020211508,Edilázio Júnior,PSD,Maranhão (MA),Sim
1342019281020211508,Gastão Vieira,PROS,Maranhão (MA),Sim
1342019281020211508,Gil Cutrim,Republican,Maranhão (MA),Sim
1342019281020211508,Josimar Maranhãozinho,PL,Maranhão (MA),Sim
1342019281020211508,Josivaldo JP,Podemos,Maranhão (MA),Sim
1342019281020211508,Pastor Gil,PL,Maranhão (MA),Sim
1342019281020211508,Pedro Lucas Fernandes,PTB,Maranhão (MA),Sim
1342019281020211508,Rubens Pereira Júnior,PCdoB,Maranhão (MA),Sim
1342019281020211508,Zé Carlos,PT,Maranhão (MA),Sim
1342019281020211508,AJ Albuquerque,PP,Ceará (CE),Sim
1342019281020211508,Aníbal Gomes,DEM,Ceará (CE),Sim
1342019281020211508,Célio Studart,PV,Ceará (CE),Sim
1342019281020211508,Eduardo Bismarck,PDT,Ceará (CE),Sim
1342019281020211508,Heitor Freire,PSL,Ceará (CE),Sim
1342019281020211508,Idilvan Alencar,PDT,Ceará (CE),Sim
1342019281020211508,José Airton Félix Cirilo,PT,Ceará (CE),Sim
1342019281020211508,José Guimarães,PT,Ceará (CE),Sim
1342019281020211508,Leônidas Cristino,PDT,Ceará (CE),Sim
1342019281020211508,Luizianne Lins,PT,Ceará (CE),Sim
1342019281020211508,Pedro Augusto Bezerra,PTB,Ceará (CE),Sim
1342019281020211508,Vaidon Oliveira,PROS,Ceará (CE),Sim
1342019281020211508,Átila Lira,PP,Piauí (PI),Sim
1342019281020211508,Capitão Fábio Abreu,PL,Piauí (PI),Sim
1342019281020211508,Flávio Nogueira,PDT,Piauí (PI),Sim
1342019281020211508,Iracema Portella,PP,Piauí (PI),Sim
1342019281020211508,Júlio Cesar,PSD,Piauí (PI),Sim
1342019281020211508,Marcos Aurélio Sampaio,MDB,Piauí (PI),Sim
1342019281020211508,Margarete Coelho,PP,Piauí (PI),Sim
1342019281020211508,Merlong Solano,PT,Piauí (PI),Sim
1342019281020211508,Rejane Dias,PT,Piauí (PI),Sim
1342019281020211508,Benes Leocádio,Republican,Rio Grande do Norte (RN),Sim
1342019281020211508,Beto Rosado,PP,Rio Grande do Norte (RN),Sim
1342019281020211508,Carla Dickson,PROS,Rio Grande do Norte (RN),Sim
1342019281020211508,General Girão,PSL,Rio Grande do Norte (RN),Sim
1342019281020211508,João Maia,PL,Rio Grande do Norte (RN),Sim
1342019281020211508,Aguinaldo Ribeiro,PP,Paraíba (PB),Sim
1342019281020211508,Edna Henrique,PSDB,Paraíba (PB),Sim
1342019281020211508,Frei Anastacio Ribeiro,PT,Paraíba (PB),Sim
1342019281020211508,Gervásio Maia,PSB,Paraíba (PB),Sim
1342019281020211508,Hugo Motta,Republican,Paraíba (PB),Sim
1342019281020211508,Julian Lemos,PSL,Paraíba (PB),Sim
1342019281020211508,Pedro Cunha Lima,PSDB,Paraíba (PB),Sim
1342019281020211508,Ruy Carneiro,PSDB,Paraíba (PB),Sim
1342019281020211508,Wilson Santiago,PTB,Paraíba (PB),Sim
1342019281020211508,André Ferreira,PSC,Pernambuco (PE),Sim
1342019281020211508,Augusto Coutinho,Solidaried,Pernambuco (PE),Sim
1342019281020211508,Carlos Veras,PT,Pernambuco (PE),Sim
1342019281020211508,Daniel Coelho,Cidadania,Pernambuco (PE),Sim
1342019281020211508,Felipe Carreras,PSB,Pernambuco (PE),Sim
1342019281020211508,Fernando Rodolfo,PL,Pernambuco (PE),Sim
1342019281020211508,Gonzaga Patriota,PSB,Pernambuco (PE),Sim
1342019281020211508,Ossesio Silva,Republican,Pernambuco (PE),Sim
1342019281020211508,Pastor Eurico,Patriota,Pernambuco (PE),Sim
1342019281020211508,Raul Henry,MDB,Pernambuco (PE),Sim
1342019281020211508,Renildo Calheiros,PCdoB,Pernambuco (PE),Sim
1342019281020211508,Sebastião Oliveira,Avante,Pernambuco (PE),Sim
1342019281020211508,Tadeu Alencar,PSB,Pernambuco (PE),Sim
1342019281020211508,Túlio Gadêlha,PDT,Pernambuco (PE),Sim
1342019281020211508,Wolney Queiroz,PDT,Pernambuco (PE),Sim
1342019281020211508,Marx Beltrão,PSD,Alagoas (AL),Sim
1342019281020211508,Paulão,PT,Alagoas (AL),Sim
1342019281020211508,Pedro Vilela,PSDB,Alagoas (AL),Sim
1342019281020211508,Severino Pessoa,Republican,Alagoas (AL),Sim
1342019281020211508,Bosco Costa,PL,Sergipe (SE),Sim
1342019281020211508,Fabio Reis,MDB,Sergipe (SE),Sim
1342019281020211508,Gustinho Ribeiro,Solidaried,Sergipe (SE),Sim
1342019281020211508,João Daniel,PT,Sergipe (SE),Sim
1342019281020211508,Laercio Oliveira,PP,Sergipe (SE),Sim
1342019281020211508,Valdevan Noventa,PL,Sergipe (SE),Sim
1342019281020211508,Adolfo Viana,PSDB,Bahia (BA),Sim
1342019281020211508,Afonso Florence,PT,Bahia (BA),Sim
1342019281020211508,Alex Santana,PDT,Bahia (BA),Sim
1342019281020211508,Alice Portugal,PCdoB,Bahia (BA),Sim
1342019281020211508,Antonio Brito,PSD,Bahia (BA),Sim
1342019281020211508,Arthur Oliveira Maia,DEM,Bahia (BA),Sim
1342019281020211508,Bacelar,Podemos,Bahia (BA),Sim
1342019281020211508,Cacá Leão,PP,Bahia (BA),Sim
1342019281020211508,Charles Fernandes,PSD,Bahia (BA),Sim
1342019281020211508,Félix Mendonça Júnior,PDT,Bahia (BA),Sim
1342019281020211508,João Carlos Bacelar,PL,Bahia (BA),Sim
1342019281020211508,José Nunes,PSD,Bahia (BA),Sim
1342019281020211508,José Rocha,PL,Bahia (BA),Sim
1342019281020211508,Joseildo Ramos,PT,Bahia (BA),Sim
1342019281020211508,Leur Lomanto Júnior,DEM,Bahia (BA),Sim
1342019281020211508,Lídice da Mata,PSB,Bahia (BA),Sim
1342019281020211508,Marcelo Nilo,PSB,Bahia (BA),Sim
1342019281020211508,Márcio Marinho,Republican,Bahia (BA),Sim
1342019281020211508,Otto Alencar Filho,PSD,Bahia (BA),Sim
1342019281020211508,Pastor Sargento Isidório,Avante,Bahia (BA),Sim
1342019281020211508,Paulo Azi,DEM,Bahia (BA),Sim
1342019281020211508,Paulo Magalhães,PSD,Bahia (BA),Sim
1342019281020211508,Professora Dayane Pimentel,PSL,Bahia (BA),Sim
1342019281020211508,Raimundo Costa,PL,Bahia (BA),Sim
1342019281020211508,Ronaldo Carletto,PP,Bahia (BA),Sim
1342019281020211508,Sérgio Brito,PSD,Bahia (BA),Sim
1342019281020211508,Tia Eron,Republican,Bahia (BA),Sim
1342019281020211508,Tito,Avante,Bahia (BA),Sim
1342019281020211508,Uldurico Junior,PROS,Bahia (BA),Sim
1342019281020211508,Valmir Assunção,PT,Bahia (BA),Sim
1342019281020211508,Waldenor Pereira,PT,Bahia (BA),Sim
1342019281020211508,Zé Neto,PT,Bahia (BA),Sim
1342019281020211508,Alê Silva,PSL,Minas Gerais (MG),Sim
1342019281020211508,André Janones,Avante,Minas Gerais (MG),Sim
1342019281020211508,Charlles Evangelista,PSL,Minas Gerais (MG),Sim
1342019281020211508,Delegado Marcelo Freitas,PSL,Minas Gerais (MG),Sim
1342019281020211508,Dimas Fabiano,PP,Minas Gerais (MG),Sim
1342019281020211508,Dr. Frederico,Patriota,Minas Gerais (MG),Sim
1342019281020211508,Emidinho Madeira,PSB,Minas Gerais (MG),Sim
1342019281020211508,Eros Biondini,PROS,Minas Gerais (MG),Sim
1342019281020211508,Fábio Ramalho,MDB,Minas Gerais (MG),Sim
1342019281020211508,Franco Cartafina,PP,Minas Gerais (MG),Sim
1342019281020211508,Greyce Elias,Avante,Minas Gerais (MG),Sim
1342019281020211508,Júlio Delgado,PSB,Minas Gerais (MG),Sim
1342019281020211508,Junio Amaral,PSL,Minas Gerais (MG),Sim
1342019281020211508,Lafayette de Andrada,Republican,Minas Gerais (MG),Sim
1342019281020211508,Leonardo Monteiro,PT,Minas Gerais (MG),Sim
1342019281020211508,Lincoln Portela,PL,Minas Gerais (MG),Sim
1342019281020211508,Lucas Gonzalez,Novo,Minas Gerais (MG),Sim
1342019281020211508,Luis Tibé,Avante,Minas Gerais (MG),Sim
1342019281020211508,Mauro Lopes,MDB,Minas Gerais (MG),Sim
1342019281020211508,Odair Cunha,PT,Minas Gerais (MG),Sim
1342019281020211508,Padre João,PT,Minas Gerais (MG),Sim
1342019281020211508,Patrus Ananias,PT,Minas Gerais (MG),Sim
1342019281020211508,Paulo Guedes,PT,Minas Gerais (MG),Sim
1342019281020211508,Reginaldo Lopes,PT,Minas Gerais (MG),Sim
1342019281020211508,Rodrigo de Castro,PSDB,Minas Gerais (MG),Sim
1342019281020211508,Rogério Correia,PT,Minas Gerais (MG),Sim
1342019281020211508,Subtenente Gonzaga,PDT,Minas Gerais (MG),Sim
1342019281020211508,Tiago Mitraud,Novo,Minas Gerais (MG),Sim
1342019281020211508,Weliton Prado,PROS,Minas Gerais (MG),Sim
1342019281020211508,Amaro Neto,Republican,Espírito Santo (ES),Sim
1342019281020211508,Da Vitória,Cidadania,Espírito Santo (ES),Sim
1342019281020211508,Dra. Soraya Manato,PSL,Espírito Santo (ES),Sim
1342019281020211508,Felipe Rigoni,PSB,Espírito Santo (ES),Sim
1342019281020211508,Helder Salomão,PT,Espírito Santo (ES),Sim
1342019281020211508,Lauriete,PSC,Espírito Santo (ES),Sim
1342019281020211508,Neucimar Fraga,PSD,Espírito Santo (ES),Sim
1342019281020211508,Norma Ayub,DEM,Espírito Santo (ES),Sim
1342019281020211508,Ted Conti,PSB,Espírito Santo (ES),Sim
1342019281020211508,Alessandro Molon,PSB,Rio de Janeiro (RJ),Sim
1342019281020211508,Aureo Ribeiro,Solidaried,Rio de Janeiro (RJ),Sim
1342019281020211508,Carlos Jordy,PSL,Rio de Janeiro (RJ),Sim
1342019281020211508,Chico D`Angelo,PDT,Rio de Janeiro (RJ),Sim
1342019281020211508,Chiquinho Brazão,Avante,Rio de Janeiro (RJ),Sim
1342019281020211508,Clarissa Garotinho,PROS,Rio de Janeiro (RJ),Não
1342019281020211508,Daniela do Waguinho,MDB,Rio de Janeiro (RJ),Sim
1342019281020211508,Delegado Antônio Furtado,PSL,Rio de Janeiro (RJ),Sim
1342019281020211508,Gelson Azevedo,PL,Rio de Janeiro (RJ),Sim
1342019281020211508,Gurgel,PSL,Rio de Janeiro (RJ),Sim
1342019281020211508,Hugo Leal,PSD,Rio de Janeiro (RJ),Sim
1342019281020211508,Jandira Feghali,PCdoB,Rio de Janeiro (RJ),Sim
1342019281020211508,Jones Moura,PSD,Rio de Janeiro (RJ),Sim
1342019281020211508,Jorge Braz,Republican,Rio de Janeiro (RJ),Sim
1342019281020211508,Julio Lopes,PP,Rio de Janeiro (RJ),Sim
1342019281020211508,Leonardo Picciani,MDB,Rio de Janeiro (RJ),Sim
1342019281020211508,Lourival Gomes,PSL,Rio de Janeiro (RJ),Sim
1342019281020211508,Luiz Lima,PSL,Rio de Janeiro (RJ),Sim
1342019281020211508,Márcio Labre,PSL,Rio de Janeiro (RJ),Sim
1342019281020211508,Marcos Soares,DEM,Rio de Janeiro (RJ),Sim
1342019281020211508,Otoni de Paula,PSC,Rio de Janeiro (RJ),Sim
1342019281020211508,Paulo Ganime,Novo,Rio de Janeiro (RJ),Sim
1342019281020211508,Paulo Ramos,PDT,Rio de Janeiro (RJ),Sim
1342019281020211508,Professor Joziel,PSL,Rio de Janeiro (RJ),Sim
1342019281020211508,Rosangela Gomes,Republican,Rio de Janeiro (RJ),Art. 17
1342019281020211508,Soraya Santos,PL,Rio de Janeiro (RJ),Sim
1342019281020211508,Sóstenes Cavalcante,DEM,Rio de Janeiro (RJ),Sim
1342019281020211508,Talíria Petrone,PSOL,Rio de Janeiro (RJ),Não
1342019281020211508,Abou Anni,PSL,São Paulo (SP),Sim
1342019281020211508,Adriana Ventura,Novo,São Paulo (SP),Sim
1342019281020211508,Alencar Santana Braga,PT,São Paulo (SP),Sim
1342019281020211508,Alex Manente,Cidadania,São Paulo (SP),Sim
1342019281020211508,Alexandre Padilha,PT,São Paulo (SP),Sim
1342019281020211508,Alexis Fonteyne,Novo,São Paulo (SP),Sim
1342019281020211508,Arnaldo Jardim,Cidadania,São Paulo (SP),Sim
1342019281020211508,Bozzella,PSL,São Paulo (SP),Sim
1342019281020211508,Carlos Sampaio,PSDB,São Paulo (SP),Sim
1342019281020211508,Carlos Zarattini,PT,São Paulo (SP),Sim
1342019281020211508,Cezinha de Madureira,PSD,São Paulo (SP),Sim
1342019281020211508,Eduardo Bolsonaro,PSL,São Paulo (SP),Sim
1342019281020211508,Eduardo Cury,PSDB,São Paulo (SP),Sim
1342019281020211508,Eli Corrêa Filho,DEM,São Paulo (SP),Sim
1342019281020211508,General Peternelli,PSL,São Paulo (SP),Sim
1342019281020211508,Guiga Peixoto,PSL,São Paulo (SP),Sim
1342019281020211508,Guilherme Derrite,PP,São Paulo (SP),Sim
1342019281020211508,Ivan Valente,PSOL,São Paulo (SP),Não
1342019281020211508,Jefferson Campos,PSB,São Paulo (SP),Sim
1342019281020211508,Joice Hasselmann,PSL,São Paulo (SP),Sim
1342019281020211508,Luiz Carlos Motta,PL,São Paulo (SP),Sim
1342019281020211508,Luiz Philippe de Orleans e Bragança,PSL,São Paulo (SP),Sim
1342019281020211508,Marcio Alvino,PL,São Paulo (SP),Sim
1342019281020211508,Marco Bertaiolli,PSD,São Paulo (SP),Sim
1342019281020211508,Marcos Pereira,Republican,São Paulo (SP),Sim
1342019281020211508,Maria Rosas,Republican,São Paulo (SP),Sim
1342019281020211508,Miguel Lombardi,PL,São Paulo (SP),Sim
1342019281020211508,Milton Vieira,Republican,São Paulo (SP),Sim
1342019281020211508,Nilto Tatto,PT,São Paulo (SP),Sim
1342019281020211508,Paulo Teixeira,PT,São Paulo (SP),Sim
1342019281020211508,Policial Katia Sastre,PL,São Paulo (SP),Sim
1342019281020211508,Roberto Alves,Republican,São Paulo (SP),Sim
1342019281020211508,Roberto de Lucena,Podemos,São Paulo (SP),Sim
1342019281020211508,Rodrigo Agostinho,PSB,São Paulo (SP),Sim
1342019281020211508,Rosana Valle,PSB,São Paulo (SP),Sim
1342019281020211508,Rui Falcão,PT,São Paulo (SP),Sim
1342019281020211508,Sâmia Bomfim,PSOL,São Paulo (SP),Não
1342019281020211508,Samuel Moreira,PSDB,São Paulo (SP),Sim
1342019281020211508,Tabata Amaral,PSB,São Paulo (SP),Sim
1342019281020211508,Tiririca,PL,São Paulo (SP),Sim
1342019281020211508,Vicentinho,PT,São Paulo (SP),Sim
1342019281020211508,Vinicius Poit,Novo,São Paulo (SP),Sim
1342019281020211508,Vitor Lippi,PSDB,São Paulo (SP),Sim
1342019281020211508,Carlos Bezerra,MDB,Mato Grosso (MT),Sim
1342019281020211508,Dr. Leonardo,Solidaried,Mato Grosso (MT),Sim
1342019281020211508,Emanuel Pinheiro Neto,PTB,Mato Grosso (MT),Sim
1342019281020211508,Juarez Costa,MDB,Mato Grosso (MT),Sim
1342019281020211508,Professora Rosa Neide,PT,Mato Grosso (MT),Sim
1342019281020211508,Bia Kicis,PSL,Distrito Federal (DF),Sim
1342019281020211508,Celina Leão,PP,Distrito Federal (DF),Sim
1342019281020211508,Erika Kokay,PT,Distrito Federal (DF),Sim
1342019281020211508,Julio Cesar Ribeiro,Republican,Distrito Federal (DF),Sim
1342019281020211508,Paula Belmonte,Cidadania,Distrito Federal (DF),Sim
1342019281020211508,Professor Israel Batista,PV,Distrito Federal (DF),Sim
1342019281020211508,Adriano do Baldy,PP,Goiás (GO),Sim
1342019281020211508,Célio Silveira,PSDB,Goiás (GO),Sim
1342019281020211508,Delegado Waldir,PSL,Goiás (GO),Sim
1342019281020211508,Elias Vaz,PSB,Goiás (GO),Sim
1342019281020211508,Flávia Morais,PDT,Goiás (GO),Sim
1342019281020211508,Francisco Jr.,PSD,Goiás (GO),Sim
1342019281020211508,Glaustin da Fokus,PSC,Goiás (GO),Sim
1342019281020211508,Professor Alcides,PP,Goiás (GO),Sim
1342019281020211508,Beto Pereira,PSDB,Mato Grosso do Sul (MS),Sim
1342019281020211508,Dagoberto Nogueira,PDT,Mato Grosso do Sul (MS),Sim
1342019281020211508,Dr. Luiz Ovando,PSL,Mato Grosso do Sul (MS),Sim
1342019281020211508,Fábio Trad,PSD,Mato Grosso do Sul (MS),Sim
1342019281020211508,Loester Trutis,PSL,Mato Grosso do Sul (MS),Sim
1342019281020211508,Vander Loubet,PT,Mato Grosso do Sul (MS),Sim
1342019281020211508,Aroldo Martins,Republican,Paraná (PR),Sim
1342019281020211508,Christiane de Souza Yared,PL,Paraná (PR),Sim
1342019281020211508,Diego Garcia,Podemos,Paraná (PR),Sim
1342019281020211508,Enio Verri,PT,Paraná (PR),Sim
1342019281020211508,Felipe Francischini,PSL,Paraná (PR),Sim
1342019281020211508,Filipe Barros,PSL,Paraná (PR),Sim
1342019281020211508,Gleisi Hoffmann,PT,Paraná (PR),Sim
1342019281020211508,Gustavo Fruet,PDT,Paraná (PR),Sim
1342019281020211508,Luciano Ducci,PSB,Paraná (PR),Sim
1342019281020211508,Luizão Goulart,Republican,Paraná (PR),Sim
1342019281020211508,Osmar Serraglio,PP,Paraná (PR),Sim
1342019281020211508,Paulo Eduardo Martins,PSC,Paraná (PR),Sim
1342019281020211508,Pedro Lupion,DEM,Paraná (PR),Sim
1342019281020211508,Reinhold Stephanes Junior,PSD,Paraná (PR),Sim
1342019281020211508,Ricardo Barros,PP,Paraná (PR),Sim
1342019281020211508,Roman,Patriota,Paraná (PR),Sim
1342019281020211508,Rubens Bueno,Cidadania,Paraná (PR),Sim
1342019281020211508,Sargento Fahur,PSD,Paraná (PR),Sim
1342019281020211508,Toninho Wandscheer,PROS,Paraná (PR),Sim
1342019281020211508,Angela Amin,PP,Santa Catarina (SC),Sim
1342019281020211508,Carmen Zanotto,Cidadania,Santa Catarina (SC),Sim
1342019281020211508,Coronel Armando,PSL,Santa Catarina (SC),Sim
1342019281020211508,Darci de Matos,PSD,Santa Catarina (SC),Sim
1342019281020211508,Fabio Schiochet,PSL,Santa Catarina (SC),Sim
1342019281020211508,Geovania de Sá,PSDB,Santa Catarina (SC),Sim
1342019281020211508,Gilson Marques,Novo,Santa Catarina (SC),Sim
1342019281020211508,Hélio Costa,Republican,Santa Catarina (SC),Sim
1342019281020211508,Pedro Uczai,PT,Santa Catarina (SC),Sim
1342019281020211508,Ricardo Guidi,PSD,Santa Catarina (SC),Sim
1342019281020211508,Afonso Hamm,PP,Rio Grande do Sul (RS),Sim
1342019281020211508,Bibo Nunes,PSL,Rio Grande do Sul (RS),Sim
1342019281020211508,Carlos Gomes,Republican,Rio Grande do Sul (RS),Sim
1342019281020211508,Daniel Trzeciak,PSDB,Rio Grande do Sul (RS),Sim
1342019281020211508,Giovani Feltes,MDB,Rio Grande do Sul (RS),Sim
1342019281020211508,Jerônimo Goergen,PP,Rio Grande do Sul (RS),Sim
1342019281020211508,Liziane Bayer,PSB,Rio Grande do Sul (RS),Sim
1342019281020211508,Lucas Redecker,PSDB,Rio Grande do Sul (RS),Sim
1342019281020211508,Marcelo Brum,PSL,Rio Grande do Sul (RS),Sim
1342019281020211508,Nereu Crispim,PSL,Rio Grande do Sul (RS),Sim
1342019281020211508,Osmar Terra,MDB,Rio Grande do Sul (RS),Sim
1342019281020211508,Paulo Pimenta,PT,Rio Grande do Sul (RS),Sim
1342019281020211508,Sanderson,PSL,Rio Grande do Sul (RS),Sim
1342019281020211547,Haroldo Cathedral,PSD,Roraima (RR),Sim
1342019281020211547,Jhonatan de Jesus,Republican,Roraima (RR),Sim
1342019281020211547,Joenia Wapichana,Rede,Roraima (RR),Sim
1342019281020211547,Ottaci Nascimento,Solidaried,Roraima (RR),Sim
1342019281020211547,Acácio Favacho,PROS,Amapá (AP),Sim
1342019281020211547,André Abdon,PP,Amapá (AP),Sim
1342019281020211547,Camilo Capiberibe,PSB,Amapá (AP),Não
1342019281020211547,Leda Sadala,Avante,Amapá (AP),Sim
1342019281020211547,Pedro Dalua,PSC,Amapá (AP),Sim
1342019281020211547,Vinicius Gurgel,PL,Amapá (AP),Sim
1342019281020211547,Airton Faleiro,PT,Pará (PA),Não
1342019281020211547,Beto Faro,PT,Pará (PA),Não
1342019281020211547,Cássio Andrade,PSB,Pará (PA),Sim
1342019281020211547,Cristiano Vale,PL,Pará (PA),Sim
1342019281020211547,Delegado Éder Mauro,PSD,Pará (PA),Sim
1342019281020211547,Eduardo Costa,PTB,Pará (PA),Sim
1342019281020211547,Elcione Barbalho,MDB,Pará (PA),Sim
1342019281020211547,Hélio Leite,DEM,Pará (PA),Sim
1342019281020211547,Joaquim Passarinho,PSD,Pará (PA),Sim
1342019281020211547,Júnior Ferrari,PSD,Pará (PA),Sim
1342019281020211547,Nilson Pinto,PSDB,Pará (PA),Não
1342019281020211547,Vivi Reis,PSOL,Pará (PA),Não
1342019281020211547,Capitão Alberto Neto,Republican,Amazonas (AM),Sim
1342019281020211547,Delegado Pablo,PSL,Amazonas (AM),Sim
1342019281020211547,José Ricardo,PT,Amazonas (AM),Não
1342019281020211547,Marcelo Ramos,PL,Amazonas (AM),Sim
1342019281020211547,Sidney Leite,PSD,Amazonas (AM),Sim
1342019281020211547,Coronel Chrisóstomo,PSL,Rondonia (RO),Sim
1342019281020211547,Expedito Netto,PSD,Rondonia (RO),Sim
1342019281020211547,Jaqueline Cassol,PP,Rondonia (RO),Sim
1342019281020211547,Léo Moraes,Podemos,Rondonia (RO),Sim
1342019281020211547,Mariana Carvalho,PSDB,Rondonia (RO),Sim
1342019281020211547,Mauro Nazif,PSB,Rondonia (RO),Sim
1342019281020211547,Silvia Cristina,PDT,Rondonia (RO),Sim
1342019281020211547,Alan Rick,DEM,Acre (AC),Sim
1342019281020211547,Dra. Vanda Milani,Solidaried,Acre (AC),Sim
1342019281020211547,Flaviano Melo,MDB,Acre (AC),Sim
1342019281020211547,Jesus Sérgio,PDT,Acre (AC),Não
1342019281020211547,Leo de Brito,PT,Acre (AC),Não
1342019281020211547,Mara Rocha,PSDB,Acre (AC),Sim
1342019281020211547,Carlos Henrique Gaguim,DEM,Tocantins (TO),Sim
1342019281020211547,Célio Moura,PT,Tocantins (TO),Não
1342019281020211547,Dulce Miranda,MDB,Tocantins (TO),Sim
1342019281020211547,Eli Borges,Solidaried,Tocantins (TO),Não
1342019281020211547,Professora Dorinha Seabra Rezende,DEM,Tocantins (TO),Sim
1342019281020211547,Tiago Dimas,Solidaried,Tocantins (TO),Sim
1342019281020211547,Aluisio Mendes,PSC,Maranhão (MA),Sim
1342019281020211547,Bira do Pindaré,PSB,Maranhão (MA),Não
1342019281020211547,Cleber Verde,Republican,Maranhão (MA),Sim
1342019281020211547,Edilázio Júnior,PSD,Maranhão (MA),Sim
1342019281020211547,Gastão Vieira,PROS,Maranhão (MA),Sim
1342019281020211547,Gil Cutrim,Republican,Maranhão (MA),Sim
1342019281020211547,Josimar Maranhãozinho,PL,Maranhão (MA),Sim
1342019281020211547,Josivaldo JP,Podemos,Maranhão (MA),Sim
1342019281020211547,Pastor Gil,PL,Maranhão (MA),Sim
1342019281020211547,Pedro Lucas Fernandes,PTB,Maranhão (MA),Sim
1342019281020211547,Rubens Pereira Júnior,PCdoB,Maranhão (MA),Não
1342019281020211547,Zé Carlos,PT,Maranhão (MA),Não
1342019281020211547,AJ Albuquerque,PP,Ceará (CE),Sim
1342019281020211547,André Figueiredo,PDT,Ceará (CE),Não
1342019281020211547,Aníbal Gomes,DEM,Ceará (CE),Sim
1342019281020211547,Célio Studart,PV,Ceará (CE),Não
1342019281020211547,Eduardo Bismarck,PDT,Ceará (CE),Não
1342019281020211547,Genecias Noronha,Solidaried,Ceará (CE),Sim
1342019281020211547,Heitor Freire,PSL,Ceará (CE),Sim
1342019281020211547,Idilvan Alencar,PDT,Ceará (CE),Não
1342019281020211547,José Airton Félix Cirilo,PT,Ceará (CE),Não
1342019281020211547,José Guimarães,PT,Ceará (CE),Não
1342019281020211547,Leônidas Cristino,PDT,Ceará (CE),Não
1342019281020211547,Luizianne Lins,PT,Ceará (CE),Não
1342019281020211547,Pedro Augusto Bezerra,PTB,Ceará (CE),Sim
1342019281020211547,Átila Lira,PP,Piauí (PI),Sim
1342019281020211547,Capitão Fábio Abreu,PL,Piauí (PI),Sim
1342019281020211547,Flávio Nogueira,PDT,Piauí (PI),Sim
1342019281020211547,Iracema Portella,PP,Piauí (PI),Sim
1342019281020211547,Júlio Cesar,PSD,Piauí (PI),Sim
1342019281020211547,Marcos Aurélio Sampaio,MDB,Piauí (PI),Sim
1342019281020211547,Margarete Coelho,PP,Piauí (PI),Sim
1342019281020211547,Marina Santos,PL,Piauí (PI),Sim
1342019281020211547,Merlong Solano,PT,Piauí (PI),Não
1342019281020211547,Rejane Dias,PT,Piauí (PI),Não
1342019281020211547,Benes Leocádio,Republican,Rio Grande do Norte (RN),Sim
1342019281020211547,Beto Rosado,PP,Rio Grande do Norte (RN),Sim
1342019281020211547,Carla Dickson,PROS,Rio Grande do Norte (RN),Sim
1342019281020211547,General Girão,PSL,Rio Grande do Norte (RN),Sim
1342019281020211547,João Maia,PL,Rio Grande do Norte (RN),Sim
1342019281020211547,Walter Alves,MDB,Rio Grande do Norte (RN),Sim
1342019281020211547,Aguinaldo Ribeiro,PP,Paraíba (PB),Sim
1342019281020211547,Edna Henrique,PSDB,Paraíba (PB),Sim
1342019281020211547,Frei Anastacio Ribeiro,PT,Paraíba (PB),Não
1342019281020211547,Gervásio Maia,PSB,Paraíba (PB),Não
1342019281020211547,Hugo Motta,Republican,Paraíba (PB),Sim
1342019281020211547,Julian Lemos,PSL,Paraíba (PB),Sim
1342019281020211547,Ruy Carneiro,PSDB,Paraíba (PB),Sim
1342019281020211547,Wilson Santiago,PTB,Paraíba (PB),Sim
1342019281020211547,Daniel Coelho,Cidadania,Pernambuco (PE),Sim
1342019281020211547,Felipe Carreras,PSB,Pernambuco (PE),Sim
1342019281020211547,Fernando Coelho Filho,DEM,Pernambuco (PE),Sim
1342019281020211547,Fernando Monteiro,PP,Pernambuco (PE),Sim
1342019281020211547,Fernando Rodolfo,PL,Pernambuco (PE),Não
1342019281020211547,Gonzaga Patriota,PSB,Pernambuco (PE),Sim
1342019281020211547,Ossesio Silva,Republican,Pernambuco (PE),Sim
1342019281020211547,Pastor Eurico,Patriota,Pernambuco (PE),Sim
1342019281020211547,Raul Henry,MDB,Pernambuco (PE),Sim
1342019281020211547,Sebastião Oliveira,Avante,Pernambuco (PE),Sim
1342019281020211547,Tadeu Alencar,PSB,Pernambuco (PE),Sim
1342019281020211547,Wolney Queiroz,PDT,Pernambuco (PE),Não
1342019281020211547,Marx Beltrão,PSD,Alagoas (AL),Sim
1342019281020211547,Paulão,PT,Alagoas (AL),Não
1342019281020211547,Pedro Vilela,PSDB,Alagoas (AL),Sim
1342019281020211547,Severino Pessoa,Republican,Alagoas (AL),Sim
1342019281020211547,Bosco Costa,PL,Sergipe (SE),Sim
1342019281020211547,Fabio Reis,MDB,Sergipe (SE),Sim
1342019281020211547,Gustinho Ribeiro,Solidaried,Sergipe (SE),Sim
1342019281020211547,João Daniel,PT,Sergipe (SE),Não
1342019281020211547,Laercio Oliveira,PP,Sergipe (SE),Sim
1342019281020211547,Valdevan Noventa,PL,Sergipe (SE),Sim
1342019281020211547,Adolfo Viana,PSDB,Bahia (BA),Sim
1342019281020211547,Afonso Florence,PT,Bahia (BA),Não
1342019281020211547,Alex Santana,PDT,Bahia (BA),Sim
1342019281020211547,Alice Portugal,PCdoB,Bahia (BA),Não
1342019281020211547,Antonio Brito,PSD,Bahia (BA),Sim
1342019281020211547,Cacá Leão,PP,Bahia (BA),Sim
1342019281020211547,Charles Fernandes,PSD,Bahia (BA),Sim
1342019281020211547,Elmar Nascimento,DEM,Bahia (BA),Sim
1342019281020211547,Félix Mendonça Júnior,PDT,Bahia (BA),Sim
1342019281020211547,José Nunes,PSD,Bahia (BA),Sim
1342019281020211547,José Rocha,PL,Bahia (BA),Sim
1342019281020211547,Joseildo Ramos,PT,Bahia (BA),Não
1342019281020211547,Lídice da Mata,PSB,Bahia (BA),Não
1342019281020211547,Marcelo Nilo,PSB,Bahia (BA),Não
1342019281020211547,Márcio Marinho,Republican,Bahia (BA),Sim
1342019281020211547,Mário Negromonte Jr.,PP,Bahia (BA),Sim
1342019281020211547,Otto Alencar Filho,PSD,Bahia (BA),Sim
1342019281020211547,Pastor Sargento Isidório,Avante,Bahia (BA),Sim
1342019281020211547,Paulo Magalhães,PSD,Bahia (BA),Sim
1342019281020211547,Professora Dayane Pimentel,PSL,Bahia (BA),Sim
1342019281020211547,Raimundo Costa,PL,Bahia (BA),Sim
1342019281020211547,Ronaldo Carletto,PP,Bahia (BA),Sim
1342019281020211547,Tia Eron,Republican,Bahia (BA),Sim
1342019281020211547,Tito,Avante,Bahia (BA),Sim
1342019281020211547,Uldurico Junior,PROS,Bahia (BA),Sim
1342019281020211547,Valmir Assunção,PT,Bahia (BA),Não
1342019281020211547,Waldenor Pereira,PT,Bahia (BA),Não
1342019281020211547,Zé Neto,PT,Bahia (BA),Não
1342019281020211547,Aécio Neves,PSDB,Minas Gerais (MG),Sim
1342019281020211547,Alê Silva,PSL,Minas Gerais (MG),Sim
1342019281020211547,André Janones,Avante,Minas Gerais (MG),Sim
1342019281020211547,Bilac Pinto,DEM,Minas Gerais (MG),Sim
1342019281020211547,Delegado Marcelo Freitas,PSL,Minas Gerais (MG),Sim
1342019281020211547,Diego Andrade,PSD,Minas Gerais (MG),Sim
1342019281020211547,Dimas Fabiano,PP,Minas Gerais (MG),Sim
1342019281020211547,Dr. Frederico,Patriota,Minas Gerais (MG),Sim
1342019281020211547,Emidinho Madeira,PSB,Minas Gerais (MG),Sim
1342019281020211547,Eros Biondini,PROS,Minas Gerais (MG),Sim
1342019281020211547,Euclydes Pettersen,PSC,Minas Gerais (MG),Sim
1342019281020211547,Fábio Ramalho,MDB,Minas Gerais (MG),Sim
1342019281020211547,Franco Cartafina,PP,Minas Gerais (MG),Sim
1342019281020211547,Gilberto Abramo,Republican,Minas Gerais (MG),Sim
1342019281020211547,Greyce Elias,Avante,Minas Gerais (MG),Sim
1342019281020211547,Júlio Delgado,PSB,Minas Gerais (MG),Não
1342019281020211547,Junio Amaral,PSL,Minas Gerais (MG),Sim
1342019281020211547,Leonardo Monteiro,PT,Minas Gerais (MG),Não
1342019281020211547,Lincoln Portela,PL,Minas Gerais (MG),Sim
1342019281020211547,Lucas Gonzalez,Novo,Minas Gerais (MG),Sim
1342019281020211547,Marcelo Álvaro Antônio,PSL,Minas Gerais (MG),Sim
1342019281020211547,Marcelo Aro,PP,Minas Gerais (MG),Sim
1342019281020211547,Mauro Lopes,MDB,Minas Gerais (MG),Sim
1342019281020211547,Padre João,PT,Minas Gerais (MG),Não
1342019281020211547,Patrus Ananias,PT,Minas Gerais (MG),Não
1342019281020211547,Paulo Abi-Ackel,PSDB,Minas Gerais (MG),Sim
1342019281020211547,Paulo Guedes,PT,Minas Gerais (MG),Não
1342019281020211547,Reginaldo Lopes,PT,Minas Gerais (MG),Não
1342019281020211547,Rogério Correia,PT,Minas Gerais (MG),Não
1342019281020211547,Tiago Mitraud,Novo,Minas Gerais (MG),Sim
1342019281020211547,Vilson da Fetaemg,PSB,Minas Gerais (MG),Sim
1342019281020211547,Weliton Prado,PROS,Minas Gerais (MG),Sim
1342019281020211547,Zé Silva,Solidaried,Minas Gerais (MG),Sim
1342019281020211547,Amaro Neto,Republican,Espírito Santo (ES),Sim
1342019281020211547,Da Vitória,Cidadania,Espírito Santo (ES),Sim
1342019281020211547,Dra. Soraya Manato,PSL,Espírito Santo (ES),Sim
1342019281020211547,Felipe Rigoni,PSB,Espírito Santo (ES),Não
1342019281020211547,Helder Salomão,PT,Espírito Santo (ES),Não
1342019281020211547,Lauriete,PSC,Espírito Santo (ES),Sim
1342019281020211547,Neucimar Fraga,PSD,Espírito Santo (ES),Sim
1342019281020211547,Norma Ayub,DEM,Espírito Santo (ES),Sim
1342019281020211547,Ted Conti,PSB,Espírito Santo (ES),Sim
1342019281020211547,Aureo Ribeiro,Solidaried,Rio de Janeiro (RJ),Sim
1342019281020211547,Carlos Jordy,PSL,Rio de Janeiro (RJ),Sim
1342019281020211547,Chico D`Angelo,PDT,Rio de Janeiro (RJ),Não
1342019281020211547,Chiquinho Brazão,Avante,Rio de Janeiro (RJ),Sim
1342019281020211547,Clarissa Garotinho,PROS,Rio de Janeiro (RJ),Sim
1342019281020211547,Delegado Antônio Furtado,PSL,Rio de Janeiro (RJ),Abstenção
1342019281020211547,Felício Laterça,PSL,Rio de Janeiro (RJ),Sim
1342019281020211547,Gelson Azevedo,PL,Rio de Janeiro (RJ),Sim
1342019281020211547,Helio Lopes,PSL,Rio de Janeiro (RJ),Sim
1342019281020211547,Hugo Leal,PSD,Rio de Janeiro (RJ),Sim
1342019281020211547,Jandira Feghali,PCdoB,Rio de Janeiro (RJ),Não
1342019281020211547,Jones Moura,PSD,Rio de Janeiro (RJ),Sim
1342019281020211547,Leonardo Picciani,MDB,Rio de Janeiro (RJ),Sim
1342019281020211547,Lourival Gomes,PSL,Rio de Janeiro (RJ),Sim
1342019281020211547,Luiz Lima,PSL,Rio de Janeiro (RJ),Sim
1342019281020211547,Márcio Labre,PSL,Rio de Janeiro (RJ),Sim
1342019281020211547,Marcos Soares,DEM,Rio de Janeiro (RJ),Sim
1342019281020211547,Paulo Ramos,PDT,Rio de Janeiro (RJ),Não
1342019281020211547,Rosangela Gomes,Republican,Rio de Janeiro (RJ),Art. 17
1342019281020211547,Soraya Santos,PL,Rio de Janeiro (RJ),Sim
1342019281020211547,Sóstenes Cavalcante,DEM,Rio de Janeiro (RJ),Sim
1342019281020211547,Talíria Petrone,PSOL,Rio de Janeiro (RJ),Não
1342019281020211547,Abou Anni,PSL,São Paulo (SP),Sim
1342019281020211547,Adriana Ventura,Novo,São Paulo (SP),Sim
1342019281020211547,Alencar Santana Braga,PT,São Paulo (SP),Não
1342019281020211547,Alex Manente,Cidadania,São Paulo (SP),Sim
1342019281020211547,Alexandre Padilha,PT,São Paulo (SP),Não
1342019281020211547,Alexis Fonteyne,Novo,São Paulo (SP),Sim
1342019281020211547,Arnaldo Jardim,Cidadania,São Paulo (SP),Sim
1342019281020211547,Bozzella,PSL,São Paulo (SP),Sim
1342019281020211547,Capitão Augusto,PL,São Paulo (SP),Sim
1342019281020211547,Carla Zambelli,PSL,São Paulo (SP),Sim
1342019281020211547,Carlos Zarattini,PT,São Paulo (SP),Não
1342019281020211547,Cezinha de Madureira,PSD,São Paulo (SP),Sim
1342019281020211547,David Soares,DEM,São Paulo (SP),Sim
1342019281020211547,Eduardo Bolsonaro,PSL,São Paulo (SP),Sim
1342019281020211547,Eli Corrêa Filho,DEM,São Paulo (SP),Sim
1342019281020211547,General Peternelli,PSL,São Paulo (SP),Sim
1342019281020211547,Guiga Peixoto,PSL,São Paulo (SP),Sim
1342019281020211547,Guilherme Derrite,PP,São Paulo (SP),Sim
1342019281020211547,Ivan Valente,PSOL,São Paulo (SP),Não
1342019281020211547,Joice Hasselmann,PSL,São Paulo (SP),Sim
1342019281020211547,Kim Kataguiri,DEM,São Paulo (SP),Sim
1342019281020211547,Luiz Carlos Motta,PL,São Paulo (SP),Sim
1342019281020211547,Luiz Philippe de Orleans e Bragança,PSL,São Paulo (SP),Sim
1342019281020211547,Marcio Alvino,PL,São Paulo (SP),Sim
1342019281020211547,Marco Bertaiolli,PSD,São Paulo (SP),Sim
1342019281020211547,Maria Rosas,Republican,São Paulo (SP),Sim
1342019281020211547,Miguel Lombardi,PL,São Paulo (SP),Sim
1342019281020211547,Milton Vieira,Republican,São Paulo (SP),Sim
1342019281020211547,Nilto Tatto,PT,São Paulo (SP),Não
1342019281020211547,Orlando Silva,PCdoB,São Paulo (SP),Não
1342019281020211547,Paulo Teixeira,PT,São Paulo (SP),Não
1342019281020211547,Policial Katia Sastre,PL,São Paulo (SP),Sim
1342019281020211547,Renata Abreu,Podemos,São Paulo (SP),Sim
1342019281020211547,Roberto Alves,Republican,São Paulo (SP),Sim
1342019281020211547,Roberto de Lucena,Podemos,São Paulo (SP),Sim
1342019281020211547,Rodrigo Agostinho,PSB,São Paulo (SP),Não
1342019281020211547,Rosana Valle,PSB,São Paulo (SP),Sim
1342019281020211547,Rui Falcão,PT,São Paulo (SP),Não
1342019281020211547,Samuel Moreira,PSDB,São Paulo (SP),Não
1342019281020211547,Tabata Amaral,PSB,São Paulo (SP),Não
1342019281020211547,Tiririca,PL,São Paulo (SP),Não
1342019281020211547,Vicentinho,PT,São Paulo (SP),Não
1342019281020211547,Vinicius Poit,Novo,São Paulo (SP),Sim
1342019281020211547,Vitor Lippi,PSDB,São Paulo (SP),Sim
1342019281020211547,Carlos Bezerra,MDB,Mato Grosso (MT),Sim
1342019281020211547,Dr. Leonardo,Solidaried,Mato Grosso (MT),Não
1342019281020211547,Emanuel Pinheiro Neto,PTB,Mato Grosso (MT),Não
1342019281020211547,José Medeiros,Podemos,Mato Grosso (MT),Sim
1342019281020211547,Juarez Costa,MDB,Mato Grosso (MT),Sim
1342019281020211547,Professora Rosa Neide,PT,Mato Grosso (MT),Não
1342019281020211547,Bia Kicis,PSL,Distrito Federal (DF),Sim
1342019281020211547,Erika Kokay,PT,Distrito Federal (DF),Não
1342019281020211547,Julio Cesar Ribeiro,Republican,Distrito Federal (DF),Sim
1342019281020211547,Luis Miranda,DEM,Distrito Federal (DF),Sim
1342019281020211547,Paula Belmonte,Cidadania,Distrito Federal (DF),Sim
1342019281020211547,Professor Israel Batista,PV,Distrito Federal (DF),Sim
1342019281020211547,Adriano do Baldy,PP,Goiás (GO),Sim
1342019281020211547,Célio Silveira,PSDB,Goiás (GO),Sim
1342019281020211547,Delegado Waldir,PSL,Goiás (GO),Sim
1342019281020211547,Dr. Zacharias Calil,DEM,Goiás (GO),Sim
1342019281020211547,Elias Vaz,PSB,Goiás (GO),Não
1342019281020211547,Flávia Morais,PDT,Goiás (GO),Sim
1342019281020211547,Francisco Jr.,PSD,Goiás (GO),Não
1342019281020211547,Glaustin da Fokus,PSC,Goiás (GO),Sim
1342019281020211547,João Campos,Republican,Goiás (GO),Sim
1342019281020211547,Professor Alcides,PP,Goiás (GO),Sim
1342019281020211547,Vitor Hugo,PSL,Goiás (GO),Sim
1342019281020211547,Beto Pereira,PSDB,Mato Grosso do Sul (MS),Sim
1342019281020211547,Dr. Luiz Ovando,PSL,Mato Grosso do Sul (MS),Sim
1342019281020211547,Fábio Trad,PSD,Mato Grosso do Sul (MS),Sim
1342019281020211547,Loester Trutis,PSL,Mato Grosso do Sul (MS),Sim
1342019281020211547,Vander Loubet,PT,Mato Grosso do Sul (MS),Não
1342019281020211547,Aroldo Martins,Republican,Paraná (PR),Sim
1342019281020211547,Christiane de Souza Yared,PL,Paraná (PR),Sim
1342019281020211547,Diego Garcia,Podemos,Paraná (PR),Sim
1342019281020211547,Enio Verri,PT,Paraná (PR),Não
1342019281020211547,Felipe Francischini,PSL,Paraná (PR),Sim
1342019281020211547,Filipe Barros,PSL,Paraná (PR),Sim
1342019281020211547,Gleisi Hoffmann,PT,Paraná (PR),Não
1342019281020211547,Gustavo Fruet,PDT,Paraná (PR),Sim
1342019281020211547,Leandre,PV,Paraná (PR),Sim
1342019281020211547,Luciano Ducci,PSB,Paraná (PR),Sim
1342019281020211547,Luizão Goulart,Republican,Paraná (PR),Sim
1342019281020211547,Osmar Serraglio,PP,Paraná (PR),Sim
1342019281020211547,Paulo Eduardo Martins,PSC,Paraná (PR),Sim
1342019281020211547,Reinhold Stephanes Junior,PSD,Paraná (PR),Sim
1342019281020211547,Ricardo Barros,PP,Paraná (PR),Sim
1342019281020211547,Roman,Patriota,Paraná (PR),Sim
1342019281020211547,Rubens Bueno,Cidadania,Paraná (PR),Sim
1342019281020211547,Sargento Fahur,PSD,Paraná (PR),Sim
1342019281020211547,Toninho Wandscheer,PROS,Paraná (PR),Sim
1342019281020211547,Vermelho,PSD,Paraná (PR),Sim
1342019281020211547,Angela Amin,PP,Santa Catarina (SC),Sim
1342019281020211547,Carlos Chiodini,MDB,Santa Catarina (SC),Sim
1342019281020211547,Carmen Zanotto,Cidadania,Santa Catarina (SC),Sim
1342019281020211547,Coronel Armando,PSL,Santa Catarina (SC),Sim
1342019281020211547,Darci de Matos,PSD,Santa Catarina (SC),Sim
1342019281020211547,Fabio Schiochet,PSL,Santa Catarina (SC),Sim
1342019281020211547,Geovania de Sá,PSDB,Santa Catarina (SC),Sim
1342019281020211547,Gilson Marques,Novo,Santa Catarina (SC),Sim
1342019281020211547,Hélio Costa,Republican,Santa Catarina (SC),Sim
1342019281020211547,Ricardo Guidi,PSD,Santa Catarina (SC),Sim
1342019281020211547,Rodrigo Coelho,PSB,Santa Catarina (SC),Sim
1342019281020211547,Afonso Hamm,PP,Rio Grande do Sul (RS),Sim
1342019281020211547,Bibo Nunes,PSL,Rio Grande do Sul (RS),Sim
1342019281020211547,Bohn Gass,PT,Rio Grande do Sul (RS),Não
1342019281020211547,Carlos Gomes,Republican,Rio Grande do Sul (RS),Sim
1342019281020211547,Covatti Filho,PP,Rio Grande do Sul (RS),Sim
1342019281020211547,Daniel Trzeciak,PSDB,Rio Grande do Sul (RS),Sim
1342019281020211547,Liziane Bayer,PSB,Rio Grande do Sul (RS),Sim
1342019281020211547,Lucas Redecker,PSDB,Rio Grande do Sul (RS),Sim
1342019281020211547,Marcelo Brum,PSL,Rio Grande do Sul (RS),Sim
1342019281020211547,Marcon,PT,Rio Grande do Sul (RS),Não
1342019281020211547,Maurício Dziedricki,PTB,Rio Grande do Sul (RS),Sim
1342019281020211547,Nereu Crispim,PSL,Rio Grande do Sul (RS),Sim
1342019281020211547,Osmar Terra,MDB,Rio Grande do Sul (RS),Sim
1342019281020211547,Paulo Pimenta,PT,Rio Grande do Sul (RS),Não
1342019281020211547,Pedro Westphalen,PP,Rio Grande do Sul (RS),Sim
1342019281020211547,Sanderson,PSL,Rio Grande do Sul (RS),Sim
1342019281020211619,Haroldo Cathedral,PSD,Roraima (RR),Não
1342019281020211619,Jhonatan de Jesus,Republican,Roraima (RR),Não
1342019281020211619,Joenia Wapichana,Rede,Roraima (RR),Sim
1342019281020211619,Ottaci Nascimento,Solidaried,Roraima (RR),Não
1342019281020211619,Acácio Favacho,PROS,Amapá (AP),Não
1342019281020211619,André Abdon,PP,Amapá (AP),Não
1342019281020211619,Camilo Capiberibe,PSB,Amapá (AP),Sim
1342019281020211619,Leda Sadala,Avante,Amapá (AP),Não
1342019281020211619,Pedro Dalua,PSC,Amapá (AP),Não
1342019281020211619,Vinicius Gurgel,PL,Amapá (AP),Não
1342019281020211619,Airton Faleiro,PT,Pará (PA),Sim
1342019281020211619,Cássio Andrade,PSB,Pará (PA),Sim
1342019281020211619,Cristiano Vale,PL,Pará (PA),Não
1342019281020211619,Delegado Éder Mauro,PSD,Pará (PA),Não
1342019281020211619,Eduardo Costa,PTB,Pará (PA),Não
1342019281020211619,Elcione Barbalho,MDB,Pará (PA),Não
1342019281020211619,Hélio Leite,DEM,Pará (PA),Sim
1342019281020211619,Joaquim Passarinho,PSD,Pará (PA),Não
1342019281020211619,Júnior Ferrari,PSD,Pará (PA),Não
1342019281020211619,Nilson Pinto,PSDB,Pará (PA),Não
1342019281020211619,Vivi Reis,PSOL,Pará (PA),Sim
1342019281020211619,Capitão Alberto Neto,Republican,Amazonas (AM),Não
1342019281020211619,Delegado Pablo,PSL,Amazonas (AM),Não
1342019281020211619,José Ricardo,PT,Amazonas (AM),Sim
1342019281020211619,Sidney Leite,PSD,Amazonas (AM),Não
1342019281020211619,Coronel Chrisóstomo,PSL,Rondonia (RO),Não
1342019281020211619,Expedito Netto,PSD,Rondonia (RO),Não
1342019281020211619,Jaqueline Cassol,PP,Rondonia (RO),Não
1342019281020211619,Léo Moraes,Podemos,Rondonia (RO),Sim
1342019281020211619,Lucio Mosquini,MDB,Rondonia (RO),Sim
1342019281020211619,Mariana Carvalho,PSDB,Rondonia (RO),Não
1342019281020211619,Mauro Nazif,PSB,Rondonia (RO),Não
1342019281020211619,Silvia Cristina,PDT,Rondonia (RO),Sim
1342019281020211619,Alan Rick,DEM,Acre (AC),Sim
1342019281020211619,Dra. Vanda Milani,Solidaried,Acre (AC),Não
1342019281020211619,Flaviano Melo,MDB,Acre (AC),Não
1342019281020211619,Jesus Sérgio,PDT,Acre (AC),Sim
1342019281020211619,Leo de Brito,PT,Acre (AC),Sim
1342019281020211619,Mara Rocha,PSDB,Acre (AC),Não
1342019281020211619,Perpétua Almeida,PCdoB,Acre (AC),Sim
1342019281020211619,Carlos Henrique Gaguim,DEM,Tocantins (TO),Não
1342019281020211619,Célio Moura,PT,Tocantins (TO),Sim
1342019281020211619,Dulce Miranda,MDB,Tocantins (TO),Não
1342019281020211619,Professora Dorinha Seabra Rezende,DEM,Tocantins (TO),Sim
1342019281020211619,Tiago Dimas,Solidaried,Tocantins (TO),Não
1342019281020211619,Aluisio Mendes,PSC,Maranhão (MA),Não
1342019281020211619,André Fufuca,PP,Maranhão (MA),Não
1342019281020211619,Bira do Pindaré,PSB,Maranhão (MA),Sim
1342019281020211619,Cleber Verde,Republican,Maranhão (MA),Não
1342019281020211619,Edilázio Júnior,PSD,Maranhão (MA),Não
1342019281020211619,Gastão Vieira,PROS,Maranhão (MA),Não
1342019281020211619,Hildo Rocha,MDB,Maranhão (MA),Não
1342019281020211619,Josimar Maranhãozinho,PL,Maranhão (MA),Não
1342019281020211619,Josivaldo JP,Podemos,Maranhão (MA),Não
1342019281020211619,Pastor Gil,PL,Maranhão (MA),Não
1342019281020211619,Pedro Lucas Fernandes,PTB,Maranhão (MA),Não
1342019281020211619,Rubens Pereira Júnior,PCdoB,Maranhão (MA),Sim
1342019281020211619,Zé Carlos,PT,Maranhão (MA),Sim
1342019281020211619,AJ Albuquerque,PP,Ceará (CE),Não
1342019281020211619,André Figueiredo,PDT,Ceará (CE),Sim
1342019281020211619,Aníbal Gomes,DEM,Ceará (CE),Não
1342019281020211619,Célio Studart,PV,Ceará (CE),Sim
1342019281020211619,Eduardo Bismarck,PDT,Ceará (CE),Sim
1342019281020211619,Genecias Noronha,Solidaried,Ceará (CE),Não
1342019281020211619,Heitor Freire,PSL,Ceará (CE),Não
1342019281020211619,Idilvan Alencar,PDT,Ceará (CE),Sim
1342019281020211619,José Airton Félix Cirilo,PT,Ceará (CE),Sim
1342019281020211619,José Guimarães,PT,Ceará (CE),Sim
1342019281020211619,Leônidas Cristino,PDT,Ceará (CE),Sim
1342019281020211619,Luizianne Lins,PT,Ceará (CE),Sim
1342019281020211619,Pedro Augusto Bezerra,PTB,Ceará (CE),Não
1342019281020211619,Átila Lira,PP,Piauí (PI),Não
1342019281020211619,Capitão Fábio Abreu,PL,Piauí (PI),Não
1342019281020211619,Flávio Nogueira,PDT,Piauí (PI),Não
1342019281020211619,Júlio Cesar,PSD,Piauí (PI),Não
1342019281020211619,Marcos Aurélio Sampaio,MDB,Piauí (PI),Não
1342019281020211619,Margarete Coelho,PP,Piauí (PI),Sim
1342019281020211619,Marina Santos,PL,Piauí (PI),Não
1342019281020211619,Merlong Solano,PT,Piauí (PI),Sim
1342019281020211619,Benes Leocádio,Republican,Rio Grande do Norte (RN),Não
1342019281020211619,Beto Rosado,PP,Rio Grande do Norte (RN),Não
1342019281020211619,Carla Dickson,PROS,Rio Grande do Norte (RN),Não
1342019281020211619,General Girão,PSL,Rio Grande do Norte (RN),Não
1342019281020211619,João Maia,PL,Rio Grande do Norte (RN),Não
1342019281020211619,Aguinaldo Ribeiro,PP,Paraíba (PB),Não
1342019281020211619,Edna Henrique,PSDB,Paraíba (PB),Não
1342019281020211619,Frei Anastacio Ribeiro,PT,Paraíba (PB),Sim
1342019281020211619,Gervásio Maia,PSB,Paraíba (PB),Sim
1342019281020211619,Julian Lemos,PSL,Paraíba (PB),Não
1342019281020211619,Ruy Carneiro,PSDB,Paraíba (PB),Não
1342019281020211619,Wilson Santiago,PTB,Paraíba (PB),Não
1342019281020211619,André Ferreira,PSC,Pernambuco (PE),Não
1342019281020211619,Carlos Veras,PT,Pernambuco (PE),Sim
1342019281020211619,Daniel Coelho,Cidadania,Pernambuco (PE),Não
1342019281020211619,Felipe Carreras,PSB,Pernambuco (PE),Sim
1342019281020211619,Fernando Coelho Filho,DEM,Pernambuco (PE),Não
1342019281020211619,Fernando Rodolfo,PL,Pernambuco (PE),Sim
1342019281020211619,Gonzaga Patriota,PSB,Pernambuco (PE),Sim
1342019281020211619,Ossesio Silva,Republican,Pernambuco (PE),Não
1342019281020211619,Pastor Eurico,Patriota,Pernambuco (PE),Não
1342019281020211619,Raul Henry,MDB,Pernambuco (PE),Sim
1342019281020211619,Sebastião Oliveira,Avante,Pernambuco (PE),Não
1342019281020211619,Tadeu Alencar,PSB,Pernambuco (PE),Sim
1342019281020211619,Túlio Gadêlha,PDT,Pernambuco (PE),Sim
1342019281020211619,Wolney Queiroz,PDT,Pernambuco (PE),Sim
1342019281020211619,Marx Beltrão,PSD,Alagoas (AL),Não
1342019281020211619,Paulão,PT,Alagoas (AL),Sim
1342019281020211619,Pedro Vilela,PSDB,Alagoas (AL),Não
1342019281020211619,Sergio Toledo,PL,Alagoas (AL),Não
1342019281020211619,Tereza Nelma,PSDB,Alagoas (AL),Não
1342019281020211619,Bosco Costa,PL,Sergipe (SE),Não
1342019281020211619,Fabio Reis,MDB,Sergipe (SE),Não
1342019281020211619,Gustinho Ribeiro,Solidaried,Sergipe (SE),Não
1342019281020211619,João Daniel,PT,Sergipe (SE),Sim
1342019281020211619,Laercio Oliveira,PP,Sergipe (SE),Não
1342019281020211619,Valdevan Noventa,PL,Sergipe (SE),Sim
1342019281020211619,Adolfo Viana,PSDB,Bahia (BA),Não
1342019281020211619,Afonso Florence,PT,Bahia (BA),Sim
1342019281020211619,Alex Santana,PDT,Bahia (BA),Não
1342019281020211619,Alice Portugal,PCdoB,Bahia (BA),Sim
1342019281020211619,Bacelar,Podemos,Bahia (BA),Sim
1342019281020211619,Cacá Leão,PP,Bahia (BA),Não
1342019281020211619,Charles Fernandes,PSD,Bahia (BA),Não
1342019281020211619,Elmar Nascimento,DEM,Bahia (BA),Não
1342019281020211619,Félix Mendonça Júnior,PDT,Bahia (BA),Sim
1342019281020211619,José Nunes,PSD,Bahia (BA),Sim
1342019281020211619,José Rocha,PL,Bahia (BA),Não
1342019281020211619,Joseildo Ramos,PT,Bahia (BA),Sim
1342019281020211619,Leur Lomanto Júnior,DEM,Bahia (BA),Não
1342019281020211619,Lídice da Mata,PSB,Bahia (BA),Sim
1342019281020211619,Marcelo Nilo,PSB,Bahia (BA),Sim
1342019281020211619,Márcio Marinho,Republican,Bahia (BA),Não
1342019281020211619,Mário Negromonte Jr.,PP,Bahia (BA),Não
1342019281020211619,Otto Alencar Filho,PSD,Bahia (BA),Não
1342019281020211619,Pastor Sargento Isidório,Avante,Bahia (BA),Sim
1342019281020211619,Paulo Azi,DEM,Bahia (BA),Sim
1342019281020211619,Paulo Magalhães,PSD,Bahia (BA),Não
1342019281020211619,Professora Dayane Pimentel,PSL,Bahia (BA),Não
1342019281020211619,Raimundo Costa,PL,Bahia (BA),Não
1342019281020211619,Ronaldo Carletto,PP,Bahia (BA),Não
1342019281020211619,Tia Eron,Republican,Bahia (BA),Não
1342019281020211619,Tito,Avante,Bahia (BA),Não
1342019281020211619,Uldurico Junior,PROS,Bahia (BA),Não
1342019281020211619,Valmir Assunção,PT,Bahia (BA),Sim
1342019281020211619,Waldenor Pereira,PT,Bahia (BA),Sim
1342019281020211619,Zé Neto,PT,Bahia (BA),Sim
1342019281020211619,Alê Silva,PSL,Minas Gerais (MG),Não
1342019281020211619,André Janones,Avante,Minas Gerais (MG),Sim
1342019281020211619,Bilac Pinto,DEM,Minas Gerais (MG),Sim
1342019281020211619,Delegado Marcelo Freitas,PSL,Minas Gerais (MG),Não
1342019281020211619,Dimas Fabiano,PP,Minas Gerais (MG),Não
1342019281020211619,Dr. Frederico,Patriota,Minas Gerais (MG),Não
1342019281020211619,Emidinho Madeira,PSB,Minas Gerais (MG),Não
1342019281020211619,Eros Biondini,PROS,Minas Gerais (MG),Não
1342019281020211619,Fábio Ramalho,MDB,Minas Gerais (MG),Não
1342019281020211619,Franco Cartafina,PP,Minas Gerais (MG),Não
1342019281020211619,Gilberto Abramo,Republican,Minas Gerais (MG),Não
1342019281020211619,Greyce Elias,Avante,Minas Gerais (MG),Não
1342019281020211619,Igor Timo,Podemos,Minas Gerais (MG),Não
1342019281020211619,Junio Amaral,PSL,Minas Gerais (MG),Não
1342019281020211619,Lafayette de Andrada,Republican,Minas Gerais (MG),Não
1342019281020211619,Leonardo Monteiro,PT,Minas Gerais (MG),Sim
1342019281020211619,Lincoln Portela,PL,Minas Gerais (MG),Não
1342019281020211619,Lucas Gonzalez,Novo,Minas Gerais (MG),Não
1342019281020211619,Luis Tibé,Avante,Minas Gerais (MG),Não
1342019281020211619,Marcelo Aro,PP,Minas Gerais (MG),Não
1342019281020211619,Mauro Lopes,MDB,Minas Gerais (MG),Não
1342019281020211619,Odair Cunha,PT,Minas Gerais (MG),Sim
1342019281020211619,Padre João,PT,Minas Gerais (MG),Sim
1342019281020211619,Patrus Ananias,PT,Minas Gerais (MG),Sim
1342019281020211619,Paulo Abi-Ackel,PSDB,Minas Gerais (MG),Não
1342019281020211619,Paulo Guedes,PT,Minas Gerais (MG),Sim
1342019281020211619,Reginaldo Lopes,PT,Minas Gerais (MG),Sim
1342019281020211619,Rodrigo de Castro,PSDB,Minas Gerais (MG),Não
1342019281020211619,Rogério Correia,PT,Minas Gerais (MG),Sim
1342019281020211619,Subtenente Gonzaga,PDT,Minas Gerais (MG),Sim
1342019281020211619,Tiago Mitraud,Novo,Minas Gerais (MG),Não
1342019281020211619,Vilson da Fetaemg,PSB,Minas Gerais (MG),Sim
1342019281020211619,Weliton Prado,PROS,Minas Gerais (MG),Sim
1342019281020211619,Zé Silva,Solidaried,Minas Gerais (MG),Não
1342019281020211619,Amaro Neto,Republican,Espírito Santo (ES),Não
1342019281020211619,Da Vitória,Cidadania,Espírito Santo (ES),Não
1342019281020211619,Dra. Soraya Manato,PSL,Espírito Santo (ES),Não
1342019281020211619,Felipe Rigoni,PSB,Espírito Santo (ES),Sim
1342019281020211619,Helder Salomão,PT,Espírito Santo (ES),Sim
1342019281020211619,Lauriete,PSC,Espírito Santo (ES),Não
1342019281020211619,Norma Ayub,DEM,Espírito Santo (ES),Sim
1342019281020211619,Ted Conti,PSB,Espírito Santo (ES),Sim
1342019281020211619,Aureo Ribeiro,Solidaried,Rio de Janeiro (RJ),Não
1342019281020211619,Chico D`Angelo,PDT,Rio de Janeiro (RJ),Sim
1342019281020211619,Chiquinho Brazão,Avante,Rio de Janeiro (RJ),Não
1342019281020211619,Clarissa Garotinho,PROS,Rio de Janeiro (RJ),Não
1342019281020211619,Daniela do Waguinho,MDB,Rio de Janeiro (RJ),Não
1342019281020211619,Delegado Antônio Furtado,PSL,Rio de Janeiro (RJ),Não
1342019281020211619,Felício Laterça,PSL,Rio de Janeiro (RJ),Não
1342019281020211619,Gelson Azevedo,PL,Rio de Janeiro (RJ),Não
1342019281020211619,Glauber Braga,PSOL,Rio de Janeiro (RJ),Sim
1342019281020211619,Helio Lopes,PSL,Rio de Janeiro (RJ),Não
1342019281020211619,Hugo Leal,PSD,Rio de Janeiro (RJ),Não
1342019281020211619,Jandira Feghali,PCdoB,Rio de Janeiro (RJ),Sim
1342019281020211619,Jones Moura,PSD,Rio de Janeiro (RJ),Não
1342019281020211619,Leonardo Picciani,MDB,Rio de Janeiro (RJ),Abstenção
1342019281020211619,Lourival Gomes,PSL,Rio de Janeiro (RJ),Não
1342019281020211619,Luiz Lima,PSL,Rio de Janeiro (RJ),Não
1342019281020211619,Márcio Labre,PSL,Rio de Janeiro (RJ),Não
1342019281020211619,Paulo Ramos,PDT,Rio de Janeiro (RJ),Sim
1342019281020211619,Professor Joziel,PSL,Rio de Janeiro (RJ),Não
1342019281020211619,Rosangela Gomes,Republican,Rio de Janeiro (RJ),Art. 17
1342019281020211619,Talíria Petrone,PSOL,Rio de Janeiro (RJ),Sim
1342019281020211619,Abou Anni,PSL,São Paulo (SP),Não
1342019281020211619,Adriana Ventura,Novo,São Paulo (SP),Não
1342019281020211619,Alencar Santana Braga,PT,São Paulo (SP),Sim
1342019281020211619,Alex Manente,Cidadania,São Paulo (SP),Não
1342019281020211619,Alexandre Padilha,PT,São Paulo (SP),Sim
1342019281020211619,Alexis Fonteyne,Novo,São Paulo (SP),Não
1342019281020211619,Arnaldo Jardim,Cidadania,São Paulo (SP),Não
1342019281020211619,Bozzella,PSL,São Paulo (SP),Não
1342019281020211619,Capitão Augusto,PL,São Paulo (SP),Não
1342019281020211619,Carla Zambelli,PSL,São Paulo (SP),Não
1342019281020211619,Carlos Zarattini,PT,São Paulo (SP),Sim
1342019281020211619,David Soares,DEM,São Paulo (SP),Não
1342019281020211619,Eduardo Bolsonaro,PSL,São Paulo (SP),Não
1342019281020211619,Eduardo Cury,PSDB,São Paulo (SP),Não
1342019281020211619,Eli Corrêa Filho,DEM,São Paulo (SP),Sim
1342019281020211619,General Peternelli,PSL,São Paulo (SP),Não
1342019281020211619,Guiga Peixoto,PSL,São Paulo (SP),Não
1342019281020211619,Guilherme Derrite,PP,São Paulo (SP),Não
1342019281020211619,Herculano Passos,MDB,São Paulo (SP),Não
1342019281020211619,Ivan Valente,PSOL,São Paulo (SP),Sim
1342019281020211619,Joice Hasselmann,PSL,São Paulo (SP),Não
1342019281020211619,Kim Kataguiri,DEM,São Paulo (SP),Sim
1342019281020211619,Luiz Carlos Motta,PL,São Paulo (SP),Não
1342019281020211619,Luiz Philippe de Orleans e Bragança,PSL,São Paulo (SP),Não
1342019281020211619,Marcio Alvino,PL,São Paulo (SP),Não
1342019281020211619,Marco Bertaiolli,PSD,São Paulo (SP),Não
1342019281020211619,Maria Rosas,Republican,São Paulo (SP),Não
1342019281020211619,Miguel Lombardi,PL,São Paulo (SP),Não
1342019281020211619,Milton Vieira,Republican,São Paulo (SP),Não
1342019281020211619,Nilto Tatto,PT,São Paulo (SP),Sim
1342019281020211619,Orlando Silva,PCdoB,São Paulo (SP),Sim
1342019281020211619,Paulo Teixeira,PT,São Paulo (SP),Sim
1342019281020211619,Policial Katia Sastre,PL,São Paulo (SP),Não
1342019281020211619,Renata Abreu,Podemos,São Paulo (SP),Não
1342019281020211619,Ricardo Silva,PSB,São Paulo (SP),Não
1342019281020211619,Roberto Alves,Republican,São Paulo (SP),Não
1342019281020211619,Roberto de Lucena,Podemos,São Paulo (SP),Não
1342019281020211619,Rodrigo Agostinho,PSB,São Paulo (SP),Sim
1342019281020211619,Rosana Valle,PSB,São Paulo (SP),Sim
1342019281020211619,Rui Falcão,PT,São Paulo (SP),Sim
1342019281020211619,Sâmia Bomfim,PSOL,São Paulo (SP),Sim
1342019281020211619,Samuel Moreira,PSDB,São Paulo (SP),Não
1342019281020211619,Tabata Amaral,PSB,São Paulo (SP),Sim
1342019281020211619,Tiririca,PL,São Paulo (SP),Sim
1342019281020211619,Vicentinho,PT,São Paulo (SP),Sim
1342019281020211619,Vinicius Poit,Novo,São Paulo (SP),Não
1342019281020211619,Vitor Lippi,PSDB,São Paulo (SP),Não
1342019281020211619,Carlos Bezerra,MDB,Mato Grosso (MT),Sim
1342019281020211619,Dr. Leonardo,Solidaried,Mato Grosso (MT),Não
1342019281020211619,Emanuel Pinheiro Neto,PTB,Mato Grosso (MT),Sim
1342019281020211619,José Medeiros,Podemos,Mato Grosso (MT),Não
1342019281020211619,Juarez Costa,MDB,Mato Grosso (MT),Não
1342019281020211619,Professora Rosa Neide,PT,Mato Grosso (MT),Sim
1342019281020211619,Bia Kicis,PSL,Distrito Federal (DF),Não
1342019281020211619,Celina Leão,PP,Distrito Federal (DF),Não
1342019281020211619,Erika Kokay,PT,Distrito Federal (DF),Sim
1342019281020211619,Julio Cesar Ribeiro,Republican,Distrito Federal (DF),Não
1342019281020211619,Luis Miranda,DEM,Distrito Federal (DF),Não
1342019281020211619,Paula Belmonte,Cidadania,Distrito Federal (DF),Não
1342019281020211619,Adriano do Baldy,PP,Goiás (GO),Não
1342019281020211619,Célio Silveira,PSDB,Goiás (GO),Não
1342019281020211619,Delegado Waldir,PSL,Goiás (GO),Sim
1342019281020211619,Dr. Zacharias Calil,DEM,Goiás (GO),Sim
1342019281020211619,Elias Vaz,PSB,Goiás (GO),Sim
1342019281020211619,Flávia Morais,PDT,Goiás (GO),Sim
1342019281020211619,Francisco Jr.,PSD,Goiás (GO),Não
1342019281020211619,Glaustin da Fokus,PSC,Goiás (GO),Não
1342019281020211619,João Campos,Republican,Goiás (GO),Não
1342019281020211619,Professor Alcides,PP,Goiás (GO),Não
1342019281020211619,Vitor Hugo,PSL,Goiás (GO),Não
1342019281020211619,Beto Pereira,PSDB,Mato Grosso do Sul (MS),Não
1342019281020211619,Dagoberto Nogueira,PDT,Mato Grosso do Sul (MS),Sim
1342019281020211619,Dr. Luiz Ovando,PSL,Mato Grosso do Sul (MS),Não
1342019281020211619,Fábio Trad,PSD,Mato Grosso do Sul (MS),Não
1342019281020211619,Loester Trutis,PSL,Mato Grosso do Sul (MS),Não
1342019281020211619,Vander Loubet,PT,Mato Grosso do Sul (MS),Sim
1342019281020211619,Aliel Machado,PSB,Paraná (PR),Sim
1342019281020211619,Aroldo Martins,Republican,Paraná (PR),Não
1342019281020211619,Christiane de Souza Yared,PL,Paraná (PR),Não
1342019281020211619,Diego Garcia,Podemos,Paraná (PR),Não
1342019281020211619,Enio Verri,PT,Paraná (PR),Sim
1342019281020211619,Felipe Francischini,PSL,Paraná (PR),Não
1342019281020211619,Filipe Barros,PSL,Paraná (PR),Não
1342019281020211619,Gleisi Hoffmann,PT,Paraná (PR),Sim
1342019281020211619,Gustavo Fruet,PDT,Paraná (PR),Sim
1342019281020211619,Leandre,PV,Paraná (PR),Sim
1342019281020211619,Luciano Ducci,PSB,Paraná (PR),Sim
1342019281020211619,Luizão Goulart,Republican,Paraná (PR),Não
1342019281020211619,Osmar Serraglio,PP,Paraná (PR),Não
1342019281020211619,Paulo Eduardo Martins,PSC,Paraná (PR),Não
1342019281020211619,Reinhold Stephanes Junior,PSD,Paraná (PR),Não
1342019281020211619,Ricardo Barros,PP,Paraná (PR),Não
1342019281020211619,Roman,Patriota,Paraná (PR),Não
1342019281020211619,Rubens Bueno,Cidadania,Paraná (PR),Sim
1342019281020211619,Sargento Fahur,PSD,Paraná (PR),Não
1342019281020211619,Toninho Wandscheer,PROS,Paraná (PR),Não
1342019281020211619,Vermelho,PSD,Paraná (PR),Não
1342019281020211619,Angela Amin,PP,Santa Catarina (SC),Não
1342019281020211619,Carlos Chiodini,MDB,Santa Catarina (SC),Não
1342019281020211619,Carmen Zanotto,Cidadania,Santa Catarina (SC),Não
1342019281020211619,Caroline de Toni,PSL,Santa Catarina (SC),Sim
1342019281020211619,Coronel Armando,PSL,Santa Catarina (SC),Não
1342019281020211619,Darci de Matos,PSD,Santa Catarina (SC),Não
1342019281020211619,Fabio Schiochet,PSL,Santa Catarina (SC),Não
1342019281020211619,Geovania de Sá,PSDB,Santa Catarina (SC),Não
1342019281020211619,Gilson Marques,Novo,Santa Catarina (SC),Não
1342019281020211619,Ricardo Guidi,PSD,Santa Catarina (SC),Não
1342019281020211619,Rodrigo Coelho,PSB,Santa Catarina (SC),Não
1342019281020211619,Afonso Hamm,PP,Rio Grande do Sul (RS),Não
1342019281020211619,Bibo Nunes,PSL,Rio Grande do Sul (RS),Não
1342019281020211619,Carlos Gomes,Republican,Rio Grande do Sul (RS),Não
1342019281020211619,Covatti Filho,PP,Rio Grande do Sul (RS),Não
1342019281020211619,Daniel Trzeciak,PSDB,Rio Grande do Sul (RS),Não
1342019281020211619,Jerônimo Goergen,PP,Rio Grande do Sul (RS),Não
1342019281020211619,Liziane Bayer,PSB,Rio Grande do Sul (RS),Não
1342019281020211619,Lucas Redecker,PSDB,Rio Grande do Sul (RS),Não
1342019281020211619,Marcelo Brum,PSL,Rio Grande do Sul (RS),Não
1342019281020211619,Marcelo Moraes,PTB,Rio Grande do Sul (RS),Não
1342019281020211619,Marcon,PT,Rio Grande do Sul (RS),Sim
1342019281020211619,Marlon Santos,PDT,Rio Grande do Sul (RS),Não
1342019281020211619,Maurício Dziedricki,PTB,Rio Grande do Sul (RS),Não
1342019281020211619,Nereu Crispim,PSL,Rio Grande do Sul (RS),Não
1342019281020211619,Osmar Terra,MDB,Rio Grande do Sul (RS),Não
1342019281020211619,Paulo Pimenta,PT,Rio Grande do Sul (RS),Sim
1342019281020211619,Pedro Westphalen,PP,Rio Grande do Sul (RS),Não
1342019281020211619,Sanderson,PSL,Rio Grande do Sul (RS),Não
